Customer No.,Customer Name,Phone Number,Area Code,,
1532, Abdullah Bin Khalfan Salmi,95500006,A1 ,,
1497, Abdullah Obaid Saeed Soli,92793628,A1 ,,
2784, Al Badia H/M Khadra,,A1 ,,
1018, Al Ghadeer Shopping Centre,,A1 ,,
1162, Al Hafidh S/C,,A1 ,,
3157, Al Rawasi S/C,92618333,A1 ,,
3497, Al Ritaj  Al Mumaiza,94098462,A1 ,,
1233, Al Taj Hyper Market,,A1 ,,
3037, AL Zaeem S/C,95448388,A1 ,,
1393, Falj Al Alee Co L.L.C,,A1 ,,
3505, Janoob Al Wadi,96251294,A1 ,,
3471, Khyal Al Majid,97052840,A1 ,,
1102, Lulu Al Arab Restaurant,95310214,A1 ,,
3675, Luluat Awinat,95524451,A1 ,,
1539, Manwir AL Mughadir,96448613,A1 ,,
1094, Modern Hala LLC,,A1 ,,
3003, Muscat Al Mumaiz,78744568,A1 ,,
3313, Radath Shinas Trading,71266508,A1 ,,
3559, Safa Al Khadra H/M,98698668,A1 ,,
3659, Sama Al Qarah,99889917,A1 ,,
1005, Shahzad Cash Sale,,A1 ,,
3020, The Modern Walls Trading,92127096,A1 ,,
3032, Top Mart,79575560,A1 ,,
2975, White Rose Int.,95462707,A1 ,,
3133, Adwa Al Ruwais Trading,79065470,A2 ,,
3474, Afnan Naseem # 2 Trading,98441616,A2 ,,
3477, Afnan Naseem # 3,98441616,A2 ,,
3473, Afnan Naseem Trading,79848037,A2 ,,
3466, Al Faris Al Mutaliq Trading # 2,78306949,A2 ,,
3625, Al Hujairah S/C,94350912,A2 ,,
2106, Al Jahwri S/C,78397822,A2 ,,
3167, Al Khair S/C,90203800,A2 ,,
1937, Al Madina Hyper Market,,A2 ,,
3578, Al Madina Rest,,A2 ,,
1292, Al Nawa Hyper Market,97668865,A2 ,,
2703, Al Yaman S/C,97422022,A2 ,,
3262, Ammar Al Dar Trading,90789981,A2 ,,
1291, Aseel Dhiyan Trading,93128615,A2 ,,
3308, Bait Al Nabla Trading,78523881,A2 ,,
1359, Basmat Al Badia Trading,92756107,A2 ,,
3147, Bin Hamood Al Manwar Trading,90722988,A2 ,,
2995, Captial Beam Trading,92912810,A2 ,,
1671, Dama Shopping Center,95944250,A2 ,,
1243, Dawahi Al Bareek Trading,99988521,A2 ,,
3031, Fahid Bin NasirTrading,90205956,A2 ,,
2964, Fahid Bin Rashid Trading,95758221,A2 ,,
1714, Lulu Muscat Hypermarket LLC Bidayah,26803500,A2 ,,
3603, Magic Of Perfection,92244246,A2 ,,
2319, Masar Al Asifa S/C,98081414,A2 ,,
1220, Mezan Al Sur Shopping Center,97713508,A2 ,,
3115, Modern Subikhi Heights,95281757,A2 ,,
2963, Muhammad Bryk Trading,92575222,A2 ,,
1478, Nasir Al Kharosi Trading,92235195,A2 ,,
1181, Salmeen Bin Gharib Trading,,A2 ,,
3097, Shumoukh Al Khwairat Trading,92105484,A2 ,,
1052, Suwaiq United Garden,99436416,A2 ,,
3348, Tannaf Bin Hadeeb Trading,79810750,A2 ,,
3670, Um Aseel SC,91633072,A2 ,,
3512, Adwa Al Mani,79596796,A3 ,,
3501, Al Aqiq Al Abiyadh Rest,99112868,A3 ,,
1149, Al Areen Shopping Center,95086290,A3 ,,
1365, Al Bidaya Shopping Centre,96321636,A3 ,,
3525, Al Dar Kingdom,72232397,A3 ,,
2059, Al Dewani S/C,9045009,A3 ,,
2077, Al Ezza H/M   (Bidaya),,A3 ,,
3039, Al Faris Al Matwlk Trading,78306949,A3 ,,
2334, Al Ghabab Trading,92535666,A3 ,,
2712, Al Hugaira Modern S/C,95974105,A3 ,,
1038, Al Ossagee Shopping,99412237,A3 ,,
1013, Al Qasbia Shopping Centre,,A3 ,,
1244, Al Rabee National S/C,99792880,A3 ,,
3411, Anwer Al Falaj Trading,98281243,A3 ,,
1513, Bashir Liwa Trading,92193003,A3 ,,
1756, Bin Madeed Trading,94338667,A3 ,,
3591, Diamond Breccias Rest,95562481,A3 ,,
1028, Dorrat Al Mousam,,A3 ,,
1473, Economy Shopping Centre,,A3 ,,
2943, Ghalib Al Saeedi Qasbia,79733413,A3 ,,
3635, Haram Diyan,95365842,A3 ,,
1735, Kubba H/M,95452100,A3 ,,
1086, Lulu Muscat Hypermarket LLC,26805544,A3 ,,
3239, Lulut Al Mihd Trading,92561978,A3 ,,
3160, M.Bin Masood C/S,97888523,A3 ,,
1257, Naba Al Jabal C/S,99223917,A3 ,,
3513, Najum AL Qimat,78017645,A3 ,,
1861, New Al Badia (Khaboora),,A3 ,,
2038, New Al Nawa H/M,,A3 ,,
3108, Raboo Al Nahda Trading,98740233,A3 ,,
3454, Rayaan AL Khaleej,97304191,A3 ,,
3552, Reha Al Bawarah,97159830,A3 ,,
1077, Saihoot Hyper Market  (Khaboora),99469263,A3 ,,
1074, Salem Hamid Al Qayyumi,95372877,A3 ,,
3475, Salim Al Hosni Rest,79304191,A3 ,,
3046, Talal Al Saidi Trading,92652550,A3 ,,
3458, Abu Sultan Al Raisi Trading,98119005,A4 ,,
3510, Ajwa Al Ghashba,98270012,A4 ,,
3515, Al Ababeel H/M,92859267,A4 ,,
1170, Al Ghadir S/C # 2,98813314,A4 ,,
3648, Al Habtoor # 2,92722587,A4 ,,
2997, Al Habtoor Trading,94858355,A4 ,,
2956, Al Haj Trading,98119005,A4 ,,
2281, Al Hatab Al Jadeed Trd,94431100,A4 ,,
1284, Al Jazeera Int S/C  LLC,99416964,A4 ,,
1428, Al Jazeera International Shopping,,A4 ,,
1743, Al Jazeera Intl (Aqar),,A4 ,,
1238, Al Manama Shopping Centre,92206335,A4 ,,
3665, Al Mauj SC,72497271,A4 ,,
2561, Al Mazaya Market,92842362,A4 ,,
3484, Al Ohi Cold Store,96090500,A4 ,,
2295, AL Sadaf Shinas  S/C   Aqar,,A4 ,,
3121, Al Tubaz Momaiza,98381379,A4 ,,
3666, Alam Al Yaqoob,93409009,A4 ,,
3014, Bawasel Al Saada Trading,94072934,A4 ,,
3637, Dar Al Wadi,79597241,A4 ,,
3620, Firdous Al Madina Rest,94424849,A4 ,,
3410, Garden S/C,91005619,A4 ,,
3352, Hail H/M,99100777,A4 ,,
3649, Jabir Bin Mohd,90501953,A4 ,,
3104, Jassim Mohd. Rashid,99003027,A4 ,,
3594, Kanooz Al Bahar,97391838,A4 ,,
3485, Khamir International,71835829,A4 ,,
3495, Mahwar Sharq  S/C,97495776,A4 ,,
2468, Main Light Trading,92842362,A4 ,,
2373, Majees Mart,99034931,A4 ,,
2372, Masharia Qais Al Balouch C/S,96226523,A4 ,,
1022, Mathina Al Ikhlas,95933786,A4 ,,
3558, Mohd Riaz Trading,78548566,A4 ,,
3225, Murtfat AL Sadaf Trading,93965147,A4 ,,
3636, Naify Partner,96913042,A4 ,,
3509, Nakheel Suhar,91193250,A4 ,,
1747, Nasir Bin M.Rashid  Rastaurant LLC,78518824,A4 ,,
3465, Nasir Bin M.Rashid S/C,78518824,A4 ,,
3537, New Al Madina S/C,,A4 ,,
3640, Osama Bin Ahmed,97189256,A4 ,,
3655, Qama Al Sharq,78131967,A4 ,,
1229, Rashid Bin Saif Kabbi,99343159,A4 ,,
1366, Sadaf Shinas Shopping Centre,,A4 ,,
3641, Salim Bin Khalifa,90528521,A4 ,,
3628, Saqar Shinas,79822908,A4 ,,
3224, Sur Bani Humad Trading,72807897,A4 ,,
2798, Tayebat Autab,95654795,A4 ,,
3627, Village H/M,92609600,A4 ,,
3511, Zaeem Al Batna,94149264,A4 ,,
3607, Zamarad Al Sharq,98896250,A4 ,,
3232, 87 Market,97838988,A5 ,,
1541, Abu Adam S/C,78075677,A5 ,,
1504, Abu Lujain Al Sadi Trading,,A5 ,,
1283, Afaq Al Amaq Al Mumtaza Trade,99603482,A5 ,,
2939, Ajyal Al Labtikar Restaurant,92862556,A5 ,,
3669, Al Bahja Trading,7799676,A5 ,,
1319, Al Dar Resturant,,A5 ,,
1360, Al Ezza Hyper Market,,A5 ,,
1375, Al Jazeera Int. S/C LLC (Saham),,A5 ,,
1666, Al Kamashki Shopping Center,94230240,A5 ,,
3103, Al Khawlani Trading,78930123,A5 ,,
3674, Al Khazf Al Lame Restaurant,78999605,A5 ,,
3093, Al Makhni Rest (Hambr),71221448,A5 ,,
3004, Al Makkani Rest,92204849,A5 ,,
3488, Al Qandeel Trading,79847574,A5 ,,
3494, Al Reef Center,78692235,A5 ,,
2348, Al Suwaihara Rest,94593473,A5 ,,
2387, Al Suwaihara Rest # 2,,A5 ,,
3658, Al Tair Al Muhaliq,95385585,A5 ,,
3462, Ali Mohammad AL Mamri Trading,94437441,A5 ,,
3490, Arjawan Al Shimal 5,79753528,A5 ,,
3599, Aswar Hafeet Rest,93134683,A5 ,,
2994, Atheen Rest,71958968,A5 ,,
3615, Basateen Al Hadeeb,92026136,A5 ,,
3468, Bawabat Al Hadaeq,97066548,A5 ,,
3476, Bawabat Al Hadaeq # 2,79563034,A5 ,,
3575, Dream Palace S/C,97215492,A5 ,,
3604, Farsan Mazoon,94919400,A5 ,,
3028, G.N Shopping Centre (Majees),90731457,A5 ,,
3109, Ghalab Al Saadi # 2,94677935,A5 ,,
3567, GN Shopping Centre # 1,90731457,A5 ,,
1308, Hala H/M,96255202,A5 ,,
3469, Hashim Bin Hamdan,95389274,A5 ,,
3233, Jabal Al Batna,99003215,A5 ,,
3500, Junab Saham Restaurant,71661931,A5 ,,
1318, Kubba Hyper Market,92929197,A5 ,,
1523, Marhab Al Khair Trading,,A5 ,,
3668, Maryam Mool,99462878,A5 ,,
3517, Murtafat Liwa United,95522118,A5 ,,
3631, Nadeem Al Madi Rest,99483022,A5 ,,
3470, Naser Bin Salim,92943628,A5 ,,
3576, Nawakhdat A Muheed,97215492,A5 ,,
1115, Otab Restaurant,,A5 ,,
1728, Otab Resturant # 3,99164013,A5 ,,
3460, Rabou hillat Al Rawashed Trading,96255202,A5 ,,
2416 (008), Ramez International L.L.C,95271546,A5 ,,
3598, Ramooz Narjas,94020475,A5 ,,
2553, Reef Halab Rest,96618191,A5 ,,
2738, Reef Halab Rest,97509777,A5 ,,
3247, Remal Saham Trading,94491000,A5 ,,
2374, Saeed Hamid Mohammad,,A5 ,,
3592, Sahari Shamal,98675958,A5 ,,
3040, Sahul Al Mazan Trading,79803088,A5 ,,
1379, Said Bin Salem Obaid Barki,,A5 ,,
3650, Said Rashid,92589301,A5 ,,
3605, Shamas Saham,99189517,A5 ,,
3577, Shawaty AL Manyal,92611095,A5 ,,
3015, Shem Al Khair Trading,97476750,A5 ,,
3021, Star City Trading,71261924,A5 ,,
3516, Star Kubba S/C,77463526,A5 ,,
3638, Ume Dahna,93189762,A5 ,,
3281, Ward Al Basteen Trading,90122447,A5 ,,
3606, Zakria Bin Saeed Rest,98189121,A5 ,,
2276, Abu Luqman Al Bariki Trade,95572759,A6 ,,
3643, Adwa Al Hail,,A6 ,,
3656, Ajwa Al Hajer,96601602,A6 ,,
2013, Al Almas H/M,,A6 ,,
3544, Al Amir Trading,78431097,A6 ,,
1141, Al Basim Restaurant & Kitchen,99705686,A6 ,,
1310, Al Denar Hyper Market,,A6 ,,
1185, Al Hormuz H/M   (Khaboora),,A6 ,,
1076, Al Jahra Hyper Market,99467855,A6 ,,
1010, Al Jazeera Int. S/C    (Hafeet),95601477,A6 ,,
2007, Al Madina S/C,98510798,A6 ,,
3588, Al Madina S/C # 2,99363650,A6 ,,
2076, Al Madyaf Rest ( Hafeet),,A6 ,,
2460, Al Nawa H/M    (Hafeet),96168090,A6 ,,
3543, Aswar Wadi Hawasna,90680500,A6 ,,
2023, Badar Al Quraini Rest,,A6 ,,
3608, Farzan Al Ghubaira,92314546,A6 ,,
3609, Farzan Al Ghubaira # 2,72188383,A6 ,,
2002, Ghalib Al Saadi 2,,A6 ,,
3602, Hamas Al Naseem #2,93443620,A6 ,,
3521, Hamed Bin Ali,98310303,A6 ,,
3600, Hamed Khalfan,92168240,A6 ,,
3185, Hams Al Naseem Trading,93443620,A6 ,,
3522, Khmis Bin Abdullah,93189801,A6 ,,
3506, Mazen Bin Ali,79019278,A6 ,,
3566, Nabad ak Mustaqbil Rest,97813311,A6 ,,
3574, Rawabi Al Taybat,90702800,A6 ,,
1651, Riyah Al Khaboura Int Trade,96280940,A6 ,,
3610, Rubou Al Salam,90293804,A6 ,,
3203, Saham Al Dhabi,96124116,A6 ,,
3657, Sama Al Manqal,95821240,A6 ,,
3663, Sohwl Al Qasbia,90702928,A6 ,,
3597, Umm Rewan,92252924,A6 ,,
3489, Al Hikmani Investment,96491551,A6,,
1450, Abdul Rahman Al Mahrooji,96564694,B1 ,,
2042, Abdul Rehman Mehroo ji # 2,,B1 ,,
1583, Abraj Al Jizza Shoping Centre,96563065,B1 ,,
3614, Abu Aswa International,95316366,B1 ,,
3230, Abu Najeeb S/C # 2,96593926,B1 ,,
3248, Ajras Muscat,93886407,B1 ,,
3589, Ajwa Al Harm S/C,98064426,B1 ,,
3328, Al Ahid S/C,91222695,B1 ,,
2954, Al Harmain (Safety),96709901,B1 ,,
3429, Al Madeena Express,78387705,B1 ,,
1730, Al Majrah Hyper Market # 2,,B1 ,,
1166, Al Marooj S/C,,B1 ,,
1913, Al Marwa # 2,,B1 ,,
1142, Al Marwa Hyper Market,,B1 ,,
1558, Al Mjrah Cold Store # 1,,B1 ,,
1205, Al Muna Shopping Centre,,B1 ,,
2795, Al Osra Super Market,72343007,B1 ,,
2806, Al Rashid Hm,,B1 ,,
1316, AL SAFA AL TAONIYA L.L.C,,B1 ,,
1106, Al Sanoof Shopping Center,,B1 ,,
3453, Al Tariq S/C,94030644,B1 ,,
2977, Alma Super Market,97934409,B1 ,,
1833, Areen Shopping Centre,,B1 ,,
3496, Babil Hyper Market,,B1 ,,
3190, Barkat Al Aoud,93469082,B1 ,,
2827, Basateen Al Sedar # 2,78008297,B1 ,,
3555, Budget Investment LLC,91789267,B1 ,,
2722, Golden Palace,92872721,B1 ,,
3409, Kenz H/M,95948487,B1 ,,
1040, M Azhar Cash Sale,,B1 ,,
3590, Mazeed H/M,99345571,B1 ,,
3044, Midrar S/C,95904822,B1 ,,
3220, Nabras Majan,95354664,B1 ,,
1218, Nahida Diamond (halban),,B1 ,,
2171, Naseem Al Salaam  (Mabailah),,B1 ,,
1392, Oasis Al Khair United,,B1 ,,
1999, Office Sale,,B1 ,,
3317, Rabooh Al Wadi,94213825,B1 ,,
1444, Rimal Al Sumhan Restaurant,92445560,B1 ,,
1446, Sahwa S/C,95835499,B1 ,,
1270, Saja Al Lail Trading,,B1 ,,
1954, Salaam Cold Store,,B1 ,,
3399, Salaam Fresh H/M,98989744,B1 ,,
1451, Saud Suleman Al Jabri,97830467,B1 ,,
1213, Soulaf Cold Store,95819966,B1 ,,
3335, Touches Of Modern,98966804,B1 ,,
3298, Waqas int. Trading LLC,98947571,B1 ,,
3059, Zahrat Al jouri Leading Business,79642925,B1 ,,
1582, Zahrat Sur Trading,99075918,B1 ,,
3114, Zan H/M,98230927,B1 ,,
1614, Abu Abdullah Al Siyabi Restaurant,97806675,B2 ,,
1374, Ajwa Restaurant,,B2 ,,
2061, Ajwa Star Mabailah,,B2 ,,
3383, Al Aqila Trading,79289795,B2 ,,
3365, Al Asif Business,99441687,B2 ,,
3375, Al Ateeq S/C  2,95161508,B2 ,,
3421, Al Bariq Al Sahal,94010262,B2 ,,
2932, Al Fazal H/M,96962121,B2 ,,
3561, Al Mughassar Candles Trading,97104409,B2 ,,
1191, Al Rounaq Shopping Centre,77409122,B2 ,,
3090, Al Zaeem S/C,90998207,B2 ,,
1457, Ali Bin Abdullah Al Subaikhi Rest.,,B2 ,,
3554, Budget Investment LLC,91789267,B2 ,,
3426, Ghosan Al Salem Inv.,93280956,B2 ,,
1922, Golden Fanja,,B2 ,,
2495, Hill Palace C/S,90660114,B2 ,,
1070, Lulu Muscat Hypermarket LLC,,B2 ,,
3646, Mahar Hamed Trading,,B2 ,,
1650, Majlis Restaurant,94490046,B2 ,,
3238, Malik International,71820697,B2 ,,
3585, Midrar S/C # 2,98590005,B2 ,,
2674, Nasir Al Mulk S/C,99167086,B2 ,,
2487, Rajab H/M,,B2 ,,
1081, Shehnaz & Hussain Shopping,26884457,B2 ,,
1381, Starlight Restaraunt,,B2 ,,
1641, Tisha Shopping Center,,B2 ,,
1176, United Fawaris,91077863,B2 ,,
2853, Abu Faris Modern,90331517,B3 ,,
2513, Abu Mohammad Raydan Trading,96110908,B3 ,,
3382, Afaq Al Samhan Trading,79204364,B3 ,,
3265, Al Ameen Business,79858137,B3 ,,
1223, Al Amrah Hyper Market,,B3 ,,
3672, Al Amtathal Global S/C,92257922,B3 ,,
1285, Al Junaina Shopping Centre,99660835,B3 ,,
2789, Al Kher Land Business,99060159,B3 ,,
3172, Al Lewa S/C,,B3 ,,
1193, Al Raaz Shopping Center,96173962,B3 ,,
3129, Al Saqeea Hadetha,78554810,B3 ,,
3416, Arabian Desert For Investment,79187349,B3 ,,
3642, Ardh Al Aatha Al Shamila Trading,,B3 ,,
3048, Asad Khamis II,,B3 ,,
3047, Asad Khamis Trading,,B3 ,,
3293, Atheer Al Dahhra,79767452,B3 ,,
1272, Deirat Roses Shopping Center 2,,B3 ,,
1053, Dorat Al Musannah Restaurant,,B3 ,,
1878, Fakhmat Al Ikhtiar,,B3 ,,
1701, Freezer Shopping Center,,B3 ,,
3584, Halim Musharef,91379832,B3 ,,
1612, Icon Muscat LLC,98908154,B3 ,,
2096, Janoob Al Madina,,B3 ,,
3630, Kwakeb Al Sama,78379875,B3 ,,
3186, Liyali C/S,79016795,B3 ,,
3595, Malik International,,B3 ,,
1726, Modern Beginning S/C,,B3 ,,
2728, Muhammad Riaz,91740627,B3 ,,
3397, Muscat C/S,,B3 ,,
3396, New Asia Rest,92943397,B3 ,,
3333, Prince Prestage,93347314,B3 ,,
3361, Progress Path,95592046,B3 ,,
3368, Ramooz Al Narjis Trading,79700131,B3 ,,
3654, Rehmat Allah LLC,96131380,B3 ,,
2922, Rihan International,90902971,B3 ,,
2868, Shym Al Rumais,92892914,B3 ,,
2383, Zad Al Rumais,,B3 ,,
3077, Abu Sufyan S/C,95577698,B4  ,,
3079, Rimal Trading,96627013,B4  ,,
3006, Abdullah Bin Ali Restaurant,99737883,B4 ,,
2588, Abraj Al Mawali,90146151,B4 ,,
3548, Abu Hasham Modern Project,90548590,B4 ,,
1874, Abu Yahya Al Awaisi Trading,,B4 ,,
3549, Al Awabi Creativer Business,99661590,B4 ,,
1652, Al Hazarmi Shopping Center,96168640,B4 ,,
1347, Al Liwa Shopping Center,,B4 ,,
3406, Al Safeer Rest # 2,95442255,B4 ,,
2913, Al Safeer Restaurant,9424228,B4 ,,
2702, Al Shamil S/C,94550340,B4 ,,
2127, Al Shoaibi Partnership Rest,,B4 ,,
1071, Al Wasit Trading,,B4 ,,
3254, Anwar Bin Khalfan,95968932,B4 ,,
2793, Areej Muslimat Trading,99626287,B4 ,,
1100, Daroob Barka Trading,,B4 ,,
3560, Ewan Al Abyadh Int.,91210231,B4 ,,
2466, Hafed S/C (awabi),93658212,B4 ,,
3467, Hamed Said Al Siyani Trade,92200770,B4 ,,
1845, Khalil Projects Development,,B4 ,,
3245, Lazaz C/S,90835950,B4 ,,
3204, Madina Al Dabab,93359579,B4 ,,
3148, Makkah H/M,26810682,B4 ,,
1021, Makkah Hyper Market,,B4 ,,
3180, Manar Al Town Trading,99336788,B4 ,,
3136, Mthlath Al Batnah,78735971,B4 ,,
1341, Muasast Tabyan Al Mashaire Trading,9813883,B4 ,,
2931, Murtafath Nakhal S/C,98772715,B4 ,,
2082, Nahida S/C,,B4 ,,
1298, New Sur Bahla,,B4 ,,
1269, Noor Barka Shopping Centre,96676025,B4 ,,
3311, Pulse of Luxury Restaurant,94445414,B4 ,,
2194, Sahwa S/C,95835499,B4 ,,
2948, Sarab Ruwi,79040190,B4 ,,
3563, Shmal Al Qarteen LLC,93778273,B4 ,,
1293, Stop & Shop H/M (Nakhal),,B4 ,,
3667, Talal Sony Cold Store,96168640,B4 ,,
2958, Wahat Al Khair,95774778,B4 ,,
1390, Abu Zayed Al Kindi,,B5 ,,
1574, Ahmad Al Quri,90146151,B5 ,,
1207, Ahmed Al Shuaibi,98989106,B5 ,,
1224, Al Badar Shopping Center,,B5 ,,
1915, Al Barwani C/S,,B5 ,,
2512, Al Hajar Al Rasasi,99111335,B5 ,,
2979, Al Marwan Al Falahi,93062612,B5 ,,
2081, Al Marwan S/C,,B5 ,,
1152, Al Maysam Trad,,B5 ,,
1245, Al Qurha Shopping Centre,,B5 ,,
3307, Altot Al Motkamal Trading,95842408,B5 ,,
3345, Amna Bint Talib,94242277,B5 ,,
2949, Ateer Al Khera Rest,78959875,B5 ,,
1617, Attar Hafri Shopping Center,,B5 ,,
2585, Baradat Al Aneq,99051046,B5 ,,
3562, Barwaz Muscat,95272807,B5 ,,
3184, Bawabat Al Shrq,,B5 ,,
3305, Chef Osama Kitchen,99279129,B5 ,,
2072, Easy S/C II,,B5 ,,
1828, Easy Shopping Centre,99649542,B5 ,,
3030, Emerald Modern Markets LLC,96568445,B5 ,,
3176, Jalmar Al Arabia LLC,90170855,B5 ,,
1315, Khatau Ratancy,26882093,B5 ,,
2972, MD Mehedi Trading,79717760,B5 ,,
3253, Muhammad Sohail Trading,78627580,B5 ,,
3142, Noor Al Hilall Trading,78184998,B5 ,,
2232, Prince C/S,97145506,B5 ,,
2688, Qysr AL Rumais,96969252,B5 ,,
3196, Rabu Barka Golden,92979966,B5 ,,
2257, Rawaya Al Taj,,B5 ,,
2444, Sahar Al Shariq,,B5 ,,
Customer no.,,Phone,Name,,
3434, Saleh Bin Ahmed,97229350,B5 ,,
2423, Shamookh Al Zaman,94547366,B5 ,,
3570, Special Muscat C/S,98887722,B5 ,,
2464, Taj Al Ritaj C/S,95208282,B5 ,,
1327, Talal Shopping Center,,B5 ,,
1748, Talal Shopping Center # 2,,B5 ,,
3394, Zahrat Al Ayam,99379173,B5 ,,
2250, Ajwa Seeb,,B6 ,,
1820, Al Barwani Project,,B6 ,,
3045, Al Batnah United,99238552,B6 ,,
3277, Al Bustan Quick S/C,95758745,B6 ,,
3198, Al Kifaya Al Masia Trading,78174296,B6 ,,
1222, Al Qoot H/M (Mabailah),98900075,B6 ,,
3219, Asala Barka # 2,78082150,B6 ,,
2936, Fajar Al Ghasab,94176200,B6 ,,
3436, Fawaris United Capital,98481949,B6 ,,
3010, Hill Palace Al Hill Trading,,B6 ,,
3350, Kherat Al Sawadi,95786310,B6 ,,
3419, Makkah H/M     (Dragan Mart),,B6 ,,
2959, Multka Al Shamal Rest,91454007,B6 ,,
3373, Rawabi Qartaba Trading,79337806,B6 ,,
3282, Salim Bin Ali,78256139,B6 ,,
3502, Seoul Barka Restaurant,95339152,B6 ,,
3049, Shamookh Al Zaman II,,B6 ,,
2287, Somou S/C,,B6 ,,
1343, Al Ateeq  S/C,95161508,B7 ,,
1623, Al Damis National LLC,,B7 ,,
1268, Al Flaij Cold Store,98434848,B7 ,,
1164, Al Mukaram Kitchen,95984894,B7 ,,
2879, Asala Barka Trading,97834012,B7 ,,
1246, Deirat Roses Shopping Centre,,B7 ,,
3177, Dheqar Rest,99841935,B7 ,,
2689, Mawahb Al harm,95992847,B7 ,,
3493, Muhammad Nazmul # 2,97146151,B7 ,,
3144, Muhammad Nazmul Trading,90790840,B7 ,,
1208, Nahida United LLC,99438636,B7 ,,
2492, Naseem Al Bahar Rest,96084386,B7 ,,
1871, Nasir Hamid,,B7 ,,
1559, Oscar Al Rumais Shopping Centre,,B7 ,,
2978, Qyser Al Rumais II,94701433,B7 ,,
2866, Saqr Dama,99160720,B7 ,,
1893, Silver City Coral Shopping Centre,,B7 ,,
1891, Tareeq Al Ghaid Restuarant,,B7 ,,
2266, Thayir al Nouras S/C,,B7 ,,
3300, Abna Fraish,99016099,D1 ,,
2322, Abu Khalid Hajed,,D1 ,,
3386, Abu Mees 2,71758401,D1 ,,
3539, Afaq Restaurant,98014531,D1 ,,
3519, Al Afaq Rest,98014531,D1 ,,
1635, Al Ezza Hyper Market,95094782,D1 ,,
2057, Al Habbas S/C,,D1 ,,
3457, Al Habsi S/C,99037690,D1 ,,
3545, Al Jabri Rest,93914468,D1 ,,
1075, Al Karama Hyper Market,25351362,D1 ,,
3159, Al Mufoon H/M,96004988,D1 ,,
1064, Al Qasmi Rest,,D1 ,,
3287, Al Qataf Al Dania,99553726,D1 ,,
3299, Al Rafada Trading,91079067,D1 ,,
2406, Al Telha S/C,79592931,D1 ,,
3284, Al Wussam C/S,96150105,D1 ,,
3565, Arabian Ghazal Rest,,D1 ,,
3405, Assad Bin Hamid,79279625,D1 ,,
3660, Badar S/C,99720541,D1 ,,
3285, Bid Bid H/M,92107980,D1 ,,
3321, Bright Moon Int.,96516656,D1 ,,
1906, Business Investment,,D1 ,,
2841, Capital Restaurant,78119122,D1 ,,
3664, City Mart,,D1 ,,
1202, Darwaish Bin Muftah,,D1 ,,
3443, Dastor Al Samail,91188946,D1 ,,
1349, Dawrak Das & Partners,99321093,D1 ,,
2781, Deeya Bid Bid,98977884,D1 ,,
3286, Durrat Sadeen,79277577,D1 ,,
3269, Express Line H/M,79247610,D1 ,,
3002, Ibka Al Feha Resturant,72684046,D1 ,,
3226, Ibrahim Khaleel Restaurant,72633644,D1 ,,
3341, Liyali Al Dakhlia,94912159,D1 ,,
3518, Madhabi Al Rasiyat Rest,93900934,D1 ,,
3264, Minarat Sumail Trading,95121220,D1 ,,
3283, Murtafat Al Rehab   (Bid Bid),99252049,D1 ,,
3329, Naba Al Shihama,92477088,D1 ,,
3364, Naseem Al Imtiaz Rest,,D1 ,,
2380, Qalib Smail C/S,,D1 ,,
3412, Saif Bin Mattar AL Amri,,D1 ,,
3486, Saoud Abdul Rehman,24510549,D1 ,,
2360, Sinsila Middle East  (Al Fouz),,D1 ,,
1683, Sons Of Shamis,,D1 ,,
3258, Tala Al Melaz Restaurant  (Sumail),79322754,D1 ,,
2424, Waqas Cash Sale,,D1 ,,
3387, Yaqoob Bin Hail,97449259,D1 ,,
2296, Abdul Rub S/C,,D2 ,,
1824, Abn Freish # 2,,D2 ,,
1008, Abn Freish Sons Catering,99016099,D2 ,,
3274, Abu Al Hassain,79855139,D2 ,,
3616, Abu Nabila Project,97001855,D2 ,,
3447, Abu Rehma S/C,79797461,D2 ,,
2489, Al Bait Al Raqi Rest,79055405,D2 ,,
3275, Al Hadi S/C,78504323,D2 ,,
2763, Al Hina S/C # 2,79760352,D2 ,,
3296, Al Jama H/M,91193170,D2 ,,
3276, Al Khoud Village,94827846,D2 ,,
3151, Al Majid C/S,78743526,D2 ,,
3343, Al Mardi Al Watinia,78966983,D2 ,,
3573, Al Marjan Trading,95338278,D2 ,,
3207, Al Mazin Trading,94884337,D2 ,,
3371, AL Nida H/M,90654307,D2 ,,
1254, Al Qoot  hyper Market (Al Hail),,D2 ,,
3026, AL Rihab S/C,95041973,D2 ,,
3316, Al Roudha S/C,92144409,D2 ,,
3557, Al Sahba Rest,79570054,D2 ,,
2469, Al Tasneem S/C,95418833,D2 ,,
3205, Amjad Dahlia C/S,78183034,D2 ,,
1296, Amwaj Al Hail S/C,,D2 ,,
3645, Arab Sweets,79133000,D2 ,,
3448, Asas Nizwa C/S,97184442,D2 ,,
2229, Aseel Global S/C,,D2 ,,
2092, Aseel S/C,,D2 ,,
3171, Bab Al Yaman Rest,92069975,D2 ,,
3372, Babil Express,97743800,D2 ,,
1273, Babil Hyper Market,,D2 ,,
3323, Babil Mart,,D2 ,,
3459, Bessan S/C,79457752,D2 ,,
3553, Budget Investment LLC,91789267,D2 ,,
3480, Dimas National S/C,99169854,D2 ,,
3041, Dream Express S/C,94744230,D2 ,,
1275, Dubai Shopping Centre,,D2 ,,
3550, Fahad International Business,93544414,D2 ,,
3291, Golden Asia Investment,91193170,D2 ,,
3407, Gulf Corporation Rest,78302896,D2 ,,
1389, Hafiz Shopping Centre,,D2 ,,
3178, Ibn Al Maawali,78322971,D2 ,,
3130, Jabal Al Ain C/S,99162185,D2 ,,
3111, Jinan Shopping Centre,98920737,D2 ,,
2505, Kenz  H/M,,D2 ,,
3431, Khairat Al Mustaqbil,79277229,D2 ,,
1963, Lulu Muscat Hypermarket LLC,,D2 ,,
3617, Macro Mart,79896067,D2 ,,
1778, Marahab Restaurant,,D2 ,,
3131, Marhaba Modern C/S,78960317,D2 ,,
3601, Martoo HM,,D2 ,,
3538, Metro Park Rest,91455551,D2 ,,
3330, Million National,92193707,D2 ,,
1439, Moon Pearl Cold Store,,D2 ,,
1212, Nahida Cold Store,,D2 ,,
3404, New Al Muwlah S/C,92678422,D2 ,,
3099, New Star Al Mabailah,79350337,D2 ,,
3587, Noor Al Harmain,78904944,D2 ,,
3491, Noor Mart,,D2 ,,
3523, Oasis Nature,97773391,D2 ,,
3342, Omani Shef Restaurant,94020809,D2 ,,
3349, Qaf S/C,91789418,D2 ,,
3402, Quality Saving Centre,95694464,D2 ,,
1133 (03), Ramez International L.L.C,24427299,D2 ,,
3507, Rawabi Al Yaman Rest,95821394,D2 ,,
3126, Rayaf Mazoon LLC,94884337,D2 ,,
3005, Razaz Ateen Rest,92790181,D2 ,,
2167, Reliable Excellence C/S,,D2 ,,
2976, Riyad Al Khair S/C,95437128,D2 ,,
3338, RK Brothers,95829108,D2 ,,
3632, Sablah Restaurant,98362983,D2 ,,
1814, Sama Hyper Market,,D2 ,,
2391, Saman Mart Seeb,99784507,D2 ,,
1400, SanaUllah Cash Sale,,D2 ,,
3056, Shahib Rawafad Cold Sstore,97115833,D2 ,,
3295, Shameez Trading,78605209,D2 ,,
3432, Sumou S/C # 2,98801738,D2 ,,
3514, Taj Hazrmout Rest,95821394,D2 ,,
2937, The Modern Era Path,98136668,D2 ,,
2756, Zaharat Al Shariq,92295585,D2 ,,
1143, Abdullah Al Rawahi,,D3 ,,
1591, Al Athkiya Hyper Market,,D3 ,,
1464, Al Atkawi S/C,98357969,D3 ,,
1929, Al Atta S/C,,D3 ,,
1642, Al Bahjat Al Hajar Shopping Center,,D3 ,,
3626, Al Barkath Business,92294064,D3 ,,
3612, Al Bayan Al Watnia,94900656,D3 ,,
3482, Al Ehsan S/C,78760997,D3 ,,
3146, Al Enshra C/S,71359762,D3 ,,
2855, Al Kayan Restaurant,94166865,D3 ,,
3438, Al Khamail Restaurant,98732396,D3 ,,
1459, Al Makaramat National,,D3 ,,
3439, Al Maraba S/C,96789395,D3 ,,
3117, Al Mazin C/S,94884337,D3 ,,
2064, Al Mosar S/C,,D3 ,,
2590, Al Rakaiz S/C,97442299,D3 ,,
3424, Al Sawadi Nation,99465818,D3 ,,
1058, Al Watan Al Arabi Restaurant,99019204,D3 ,,
3302, Al Watan Al Arbi ( Mohd),96606556,D3 ,,
2517, Al Wateen S/C,99346008,D3 ,,
3080, Al Yeman Rest,98109465,D3 ,,
3145, Alona S/C,93062718,D3 ,,
2981, Amaar Qaid Rest,94611011,D3 ,,
2479, Arjan Indester Rest,95461622,D3 ,,
3423, Basateen Halal S/C,99463960,D3 ,,
3009, Basmat Raghad Trading,94611011,D3 ,,
1784, Bismi  S/C Jaloot,,D3 ,,
3161, Bismi H/M Atkiya,93548785,D3 ,,
1866, Burhan Shopping Centre,,D3 ,,
3541, Dubai S/C,78071620,D3 ,,
3374, Dynamic Subline,92941551,D3 ,,
2779, Fayafi Ruwi Trading,94075363,D3 ,,
3422, Global High Amibition,47460978,D3 ,,
3425, Hala Al Amarat S/C,77328667,D3 ,,
1872, Jahloot Shopping Centre,,D3 ,,
3063, Jannah S/C,77395603,D3 ,,
3540, Kanther Restaurant,96331359,D3 ,,
3611, Mabain Al Nahrain,95779087,D3 ,,
3483, Makarmat National H/H,71075204,D3 ,,
1015, Najoom # 3 & 110 S/M,,D3 ,,
2340, Najoom Al Sedar,,D3 ,,
2912, Najoom H/M # 5,96287744,D3 ,,
3116, Najoom H/M # 6,,D3 ,,
2678, Najoom H/M Shabia,97135934,D3 ,,
3309, New Eastern Coast,98486663,D3 ,,
2216, New Hand S/C,,D3 ,,
3304, New Hand S/c # 2,,D3 ,,
3064, New Shaikha Establishment,99470634,D3 ,,
3613, Noor Sami S/C,78035441,D3 ,,
2803, Quality And Saving Center,87119789,D3 ,,
2347, Rawabi Restaurant,,D3 ,,
3187, Revelation Of Nature Rest,94827412,D3 ,,
3273, Rukn Al Waleema Rest,99410222,D3 ,,
2828, Safnat S/C # 1,97483070,D3 ,,
1669, Safnat Shopping Center No. 2,97483070,D3 ,,
2062, Salam Whole Sale,,D3 ,,
2353, Shahab Al Razaqia   (Abraj Sharqi),,D3 ,,
2745, Shihab S/C,95235569,D3 ,,
3437, Sky Star  S/C,78939358,D3 ,,
3618, Zidni S/C,94448185,D3 ,,
3357, Abshar AL Ansab,97910228,D4 ,,
1146, Ahmad Khamis Harsi,99335312,D4 ,,
1549, Al Escaf Cold Store,,D4 ,,
3314, Al Fakher H/M,78630706,D4 ,,
2084, Al Fouz H/M,7800 0249,D4 ,,
1123, Al Garbi S/C,,D4 ,,
3306, Al Hasen,92202192,D4 ,,
3255, Al Hayal Al Shamoukh,71180788,D4 ,,
3324, Al Hayal Shamokh # 2,71180788,D4 ,,
2765, Al Hilal S/C,96608216,D4 ,,
3085, Al Kail S/C,79140945,D4 ,,
1069, Al Mana Shopping Center,97152020,D4 ,,
3081, AL Marid Cold Store,96927219,D4 ,,
1734, Al Neezak Al Madina,,D4 ,,
3340, Al Rozana S/C,77227814,D4 ,,
3315, Al Tawaf Catering,78335456,D4 ,,
3464, Anwar Al Awabi (Misfa),94614306,D4 ,,
3413, Arabian Gate Rest,96197272,D4 ,,
2819, Azwa Al Haram,94311401,D4 ,,
3351, Emar Wadi Bani Umer Rest,97212203,D4 ,,
1965, Emerald # 2,,D4 ,,
1304, Emerald Modern Markets LLC,,D4 ,,
1789, Emrald S/C Jifnain,,D4 ,,
2060, Fanja H/M,,D4 ,,
3096, Golden Fnaja Palaces,79185145,D4 ,,
3428, Gulf Destination,,D4 ,,
3433, Janan General Trading LLC,95777199,D4 ,,
3278, Lahore Darbar Rest,94152752,D4 ,,
3086, Maratab Ali  (Funja),79901310,D4 ,,
3279, MashaAllah Rest,78675585,D4 ,,
2140, Modern Al Waleef  (Razan),,D4 ,,
2133, Nakhla Fanja,,D4 ,,
1267, New Al Bur Company,,D4 ,,
3188, New Entity Interior C/S,95622519,D4 ,,
1964, Nida S/C,93590003,D4 ,,
3192, Ramad Al Seeb C/S,96484485,D4 ,,
3629, Rawabi Bid Bid,94209840,D4 ,,
3639, Shaikha Bint e Khalfan Trading,99827841,D4 ,,
3492, Souq Funja,71349613,D4 ,,
1474, Sumou C/S Jafnain,,D4 ,,
3098, Tariq Cold Store,94409362,D4 ,,
2153, Top Up Awabi,,D4 ,,
3444, Typical Asayel Rest,91129630,D4 ,,
3415, Wonder S/C,94509000,D4 ,,
2139, Yousaf Al Rahbi,,D4 ,,
3542, Abu Al Ansab,92165664,D5 ,,
3449, Abu Shaheen C/S,79553757,D5 ,,
3025, Al Alam S/C,99195227,D5 ,,
3322, Al Bait Al Sharqi Rest,99415944,D5 ,,
3210, Al Fadi Rest,95725387,D5 ,,
3270, Al Harmain Rest   (Ghala),78224587,D5 ,,
2901, Al Harmain Restaurant # 2,78224587,D5 ,,
3289, Al Kail S/C,72040744,D5 ,,
3057, Al Karama H/M,,D5 ,,
3072, Al Karama HM,,D5 ,,
2184, Al Maya H/M,,D5 ,,
3143, Al Meer H/M,78774146,D5 ,,
3042, Al Qais Shopping Center,91521339,D5 ,,
3596, Bait Al Bukhari Rest,,D5 ,,
3401, Best Choice Trading,95805360,D5 ,,
3087, Bukhari Rest,99721015,D5 ,,
2354, Dar Al Haya,95245706,D5 ,,
3058, Emraled H/M,,D5 ,,
3290, Haji And Partner,78068007,D5 ,,
2861, Hud Hud Restaurant,95647676,D5 ,,
1938, Jabal Al Khawair,98450888,D5 ,,
2780, Marahab Rest # 2,79044532,D5 ,,
3427, Mkaram Muscat S/C,,D5 ,,
3016, Morley's Central Market,97880597,D5 ,,
3403, Quality Saving Centre,96672602,D5 ,,
1766 (015), Ramez International LLC.,,D5 ,,
3398, Rukan Al Walima Rest # 2,99410222,D5 ,,
3384, Suhol Al Tamam H/M,92443558,D5 ,,
3071, Top Up Shop,94175838,D5 ,,
3503, Top up Shop # 2,94702886,D5 ,,
3418, Village Rest,96227300,D5 ,,
2075, Wanis Bushar,,D5 ,,
1823, Zaki Restaurant,,D5 ,,
2318, Zam Zam Rest,,D5 ,,
3320, Abu Hilal F/S,99652311,D6 ,,
1625, Al Aboodi Hyper Market,,D6 ,,
1711, Al Ameer H/M,,D6 ,,
2385, Al Atheer Flour   (Foundation Rest),96939288,D6 ,,
1019, Al Atheer Flour Mill,95741478,D6 ,,
3388, Al Don Hm,97704961,D6 ,,
3209, Al Farsi Rest,95496698,D6 ,,
3272, Al Feiha Oasis S/C,99037031,D6 ,,
2220, Al Hashmi S/C,,D6 ,,
3271, Al Kharz Market,96757305,D6 ,,
3571, Al Qataf Al Dania,99553726,D6 ,,
3369, Al Rozana S/C,9787 7237,D6 ,,
3622, Al Salama H/M,98753230,D6 ,,
1219, Ali Al Rahbi S/C,,D6 ,,
3390, Ali Bin Salim,99707576,D6 ,,
2270, Anhar Sumail,,D6 ,,
3173, Asaad Bin Hameed,78481344,D6 ,,
3174, Assad Bin Hameed CS # 2,78481344,D6 ,,
3644, Dasser Restaurant,92349562,D6 ,,
3263, Fahim Commercial LLC,95741478,D6 ,,
3623, Foundation Stunning United Rest,97438799,D6 ,,
3379, Hour Shopping Centre,92270519,D6 ,,
1061, Khalfan Bin Suleman,92349562,D6 ,,
2188, Malik Al Fiha,,D6 ,,
2411, Nada Trading C/S,96104646,D6 ,,
1279, Nahda Restuarant,95818894,D6 ,,
2211, Nakhla H/M,,D6 ,,
2341, Nida H/M,,D6 ,,
3633, Nida H/M,,D6 ,,
3389, Rawaiya Bid Bid,93391436,D6 ,,
1364, Reem Al Yaman Rest,93032233,D6 ,,
3487, Saif Al Rahbi,95974637,D6 ,,
1045, Saroor Shopping Centre,,D6 ,,
2839, Shumuq Al Fiyah Rest,94370559,D6 ,,
3319, Unique World Of Island,92918634,D6 ,,
3376, Yousaf Bin Ali,97468573,D6 ,,
3370,Abu Mees S/C,7840 8568,D6 ,,
2283, Abdullah Bin Khadim,,EA ,,
1951, Abdullah Bin Said Alhanshi  Rest,78399359,EA ,,
1264, Abdullah Sadi Rest.,,EA ,,
1578, Abraj Al Maseela,95813606,EA ,,
1556, Abu Dilal Gailani,,EA ,,
1668, Abu Masaya Restaurant,,EA ,,
1228, Abu Omar Al Sawi Trading,,EA ,,
1103, Abu Rouf S/C,97416756,EA ,,
1552, Abu Saleh Al Hashmi,,EA ,,
1396, Abu Shaheer Al Balushi,,EA ,,
3152, Abu Wadhah Al Saadi Trading,99338812,EA ,,
2993, Afaq Al Munjrad,79794093,EA ,,
2390, Afaq Shopping Center,95310901,EA ,,
1033, Affaq Al Bidaya Shopping Center,93494920,EA ,,
1681, Ahmed Bin Hamed S/C,,EA ,,
1655, Ajmal Shopping Center,,EA ,,
2925, Ajwa Al Kamil,96698276,EA ,,
2620, Al Andalib Al Shamilah Trading,95412316,EA ,,
1330, Al Askandaria S/C  (kamil),,EA ,,
1694, Al Askandaria S/C  Bu Hassan,,EA ,,
1561, Al Askandaria S/C (Falaj),,EA ,,
2465, Al Barka S/C,99017688,EA ,,
1346, Al Bawaraq S/C,,EA ,,
2799, Al Bawaraq S/C,98430097,EA ,,
2446, Al Bawaraq S/C   B.H,98430097,EA ,,
2623, Al Dali Trading,78162825,EA ,,
2470, Al Duqam S/C,92136978,EA ,,
2501, Al Falaj S/C,98783946,EA ,,
1538, Al Faleej Shopping Centre,97893042,EA ,,
1810, Al Fouz Hyper Market (Al Kamil),,EA ,,
1469, Al Hakma Shopping centre,90445619,EA ,,
2968, Al Hanshi International,71797378,EA ,,
2807, Al Haramain International,98265242,EA ,,
3360, Al Jazeera Int. Shopping L.L.C,91315124,EA ,,
1880, Al Kafufe Shopping Centre,,EA ,,
2865, Al Kamal S/C,96706128,EA ,,
1105, Al Khaduri S/C,,EA ,,
2681, Al Madina S/C,92885927,EA ,,
1819, Al Majazef Shopping Centre,,EA ,,
2491, Al Masoud Rajhi Trading,91947515,EA ,,
1397, Al Muraibi International,,EA ,,
1577, Al Nairat Shopping Centre,97856010,EA ,,
1882, Al Raeem Shopping Centre,,EA ,,
2309, Al Rajhi S/C,,EA ,,
1705, Al Samokh S/C,91927477,EA ,,
1403, Al Shahab Shopping centre,95529889,EA ,,
3124, Al Shariqia  S/C,98554244,EA ,,
1096, Al Shumokh Shopping Center,,EA ,,
3455, Al Siraj S/C,91483332,EA ,,
1399, Al Tarheeb Shopping (Sanaiya),91056242,EA ,,
2415, Al Turhab F/S,97479353,EA ,,
2685, Al Zabeel Bu Hassan,98176022,EA ,,
1465, Al Zaiza Shopping Centre,,EA ,,
2401, Ali Al Shaba C/S,99541966,EA ,,
1884, Anjaz Hyper Market (Al Kamil),,EA ,,
1710, Anwar Al Daest S/C,,EA ,,
1531, Askandaria Hyper Market (Al Wafi),,EA ,,
2892, Askandria Vegetable,94535884,EA ,,
1546, Athar Cash Sale,,EA ,,
1138, Bab Al Mandab S/C,989292056,EA ,,
1895, Barwaz Al Wilaya S/C (Aseela),,EA ,,
1927, Barwaz S/C # 2,,EA ,,
2473, Barzat Al Shahaman Trd.,,EA ,,
2741, Bashair AL Baraq,78209330,EA ,,
2422, Dara Al Murabi,93879669,EA ,,
1855, Deyan Al Bander S/C (Bu hassan),,EA ,,
2624, Dhafaf Aselah,94384130,EA ,,
1973, Dolat Jalan S/C,,EA ,,
3420, Fakhar AL Kamil Trading,97375770,EA ,,
1564, Hamdan Bin Rashid Trading,,EA ,,
1055, Hamed Bin Mohammed,99545828,EA ,,
1603, Hamid Al Hashmi Trading,,EA ,,
2405, Hazib Bahr Trading,99356034,EA ,,
2037, Ibn e baji S/C,,EA ,,
1632, Jabal Al Huwairat Trading,98821275,EA ,,
1719, Jalan Bani Bu Ali,,EA ,,
1132, Jalan City Shopping Center,93002720,EA ,,
1576, Khadim Bin Abdullah Trading,98860972,EA ,,
3193, M.Al Amin United,94131124,EA ,,
1570, Majid Bin Ali Saeed,,EA ,,
2969, Malabar Rest,92118507,EA ,,
1783, Manaratal S/C,,EA ,,
3112, Manba AL Ata Trading,91398612,EA ,,
1856, Marhaba Hyper Market,,EA ,,
1606, Marsi Al Wilayat Trading,97850044,EA ,,
1599, Mashaira Abu Rauf S/C # 1,,EA ,,
1634, Masharia Abu Rauf Shopping Center,97276125,EA ,,
2941, Masharih Store,93220073,EA ,,
2992, Mazaya Al Shakhara Trading,92355397,EA ,,
1537, Mazeek Harmaz National,99141398,EA ,,
1647, Mohammad Abdullah Saadi S/C,,EA ,,
3586, Mohammad Ali Saeed Alvi,,EA ,,
1809, Muhammad Abdullah Trading,,EA ,,
2337, Muhammad Abdullah Trd  (sawiya),,EA ,,
3113, Muhammad Al Hashmi,92908641,EA ,,
1835, Munber Al Khair S/C,,EA ,,
2204, Murabi S/C,,EA ,,
1733, Murtafat Al Kamil,97416756,EA ,,
1417, Muscat Golden Hyper Market,97458515,EA ,,
2363, Mustafa S/C #2,93926113,EA ,,
3194, Naji Bin Salem Bin Najim,99190573,EA ,,
1667, Nakheel Al Heera Shopping Center,,EA ,,
3153, Nasaim Seeh Al Sadar Trading,91239557,EA ,,
1904, Naseem Jalan S/C,,EA ,,
1762, National Comprehensive (F.M),,EA ,,
1741, Neel Shopping Center,,EA ,,
1445, Neel Shopping Center No.2,,EA ,,
1721, New Oriental Shopping Center,,EA ,,
2400, New Rakan Diyafah,79576798,EA ,,
1416, Oriental Shopping No. 1,,EA ,,
1079, Oriental Shopping No. 2,92482299,EA ,,
3082, Qaf S/C,78124867,EA ,,
2014, Raha jalan S/C,91707235,EA ,,
3339, Raja Al Saidia,7859 8627,EA ,,
2105, Rashid Bin Mubarak bin Muhammed,,EA ,,
3347, Rawabat Al Sharqia,95147585,EA ,,
3118, Rayhan Al Maraibi Al Asriya Trading,78776550,EA ,,
3166, Redhadh Aseela Trading,98967260,EA ,,
3653, Roissy Jalan Gold Project,98886213,EA ,,
3195, Ruwafad Ali Bidiya Trading,9487 3438,EA ,,
2821, Safuh Jalan Restaurant,99853176,EA ,,
1720, Sahlat Al Manjarid Trd,96175038,EA ,,
1551, Sahool Al Wasmi,94743139,EA ,,
3463, Said Bin Hamed,9660 9355,EA ,,
2474, Saif Masoud,95011525,EA ,,
1395, Saleem Rashid Al Awais,99235942,EA ,,
1543, Saud Al Gailani Shopping Centre,92403753,EA ,,
2957, Shaheed Al Islam Trading,98936962,EA ,,
1837, Shalu Mart Al Ashkra,91551081,EA ,,
1596, Shalu Mart S/C,,EA ,,
1085, Shalu wold S/M,,EA ,,
3175, Shalu World LLC,99176554,EA ,,
1848, Shamis Group (Jalan),,EA ,,
1601, Shams Al Wafi Shopping Center,,EA ,,
1562, Shams Group ( Al Kamil),,EA ,,
1857, Shams Jalan Shopping Centre,,EA ,,
1568, Shariq  Cold Store,99353938,EA ,,
1753, Shariq Janoob  S/C (Al Kamil),,EA ,,
2529, Sharqia South Centre,98993913,EA ,,
1060, Shawamikh Al Sharaq,91352402,EA ,,
1709, Sholat Super Market,,EA ,,
3252, Shueaa Al Khalij Trading,79490256,EA ,,
3050, Silsila Jabal Trading,,EA ,,
2049, Sohari Al Wafi Trad,93698201,EA ,,
3165, Stop & Shop,71133131,EA ,,
1542, Tajan Jalan Shopping Centre,98989132,EA ,,
1321, Tamarind Resturant,,EA ,,
1173, Zabeel Shopping Center,,EA ,,
2269, Zahoor Al Duqam,,EA ,,
1858, Zaki Restaurant,96921718,EA ,,
2316, Abdullah Masood Trad,,EB ,,
2760, Abu Abdul Rehman 2 S/C,93878445,EB ,,
1253, Abu Abdul Rehman S/C,,EB ,,
2101, Abu Ibrahim S/C,,EB ,,
2408, Abu Ibrahim S/C # 2,91238014,EB ,,
3235, Abu Maflah Trading,79181086,EB ,,
2399, Abu Mufleh Trd,94841038,EB ,,
2619, Abu Sultan Afari Trading,96220917,EB ,,
2166, Abu Sultan Al Jafri,78007224,EB ,,
1442, Abu Taif Shopping Centre,97447787,EB ,,
1521, Abu Yahya Shopping Centre,,EB ,,
3312, Aemar Al Sharqia,93800220,EB ,,
1505, Ajwa Shopping Centre,92969827,EB ,,
2734, Al ,97350085,EB ,,
1626, Al Arkan Al Buraira Shopping Center,92969827,EB ,,
1853, Al Ashkra City Super Market,,EB ,,
1896, Al Ashkra National S/C (Ashkra),,EB ,,
1179, Al Bawaraq Al Ashkara,79085679,EB ,,
3359, Al Harmain International,79393025,EB ,,
2890, Al Khawaima Restaurant,95156485,EB ,,
1528, Al Khuwaima Shopping Centre,97350085,EB ,,
1892, Al Moad Al Azraq (Khawaima),,EB ,,
3257, Al Mutamiz Trading,94150618,EB ,,
2608, Al Samak Al Bahar S/C,96209364,EB ,,
2961, Al Sham Al Zahee Trd,96750943,EB ,,
1575, Ali Bin jumaa Al Owaisi Trading,95841404,EB ,,
2944, Ali Bin Mohammad Al Muzaml,94496371,EB ,,
1571, Ali Saeed Owaisi (Khuwaima),92131289,EB ,,
2897, Amjad Al Sharqia Rest,98874451,EB ,,
1525, Amwaj Al Khuwaima,97078687,EB ,,
2302, Amwaj Jadeed,,EB ,,
2180, Amwaj Jadeed S/C,,EB ,,
2455, Anwar Al Zahib,92547300,EB ,,
1569, Ashbal Al Suwaih Trading,92482252,EB ,,
3378, Atlal Al Ashkara S/C,96220917,EB ,,
3326, Azhar Al Naghda Trading,75271150,EB ,,
2953, Bahja Al Tameez Ent,95408988,EB ,,
2642, Bawadi Jalan Trading,98564039,EB ,,
1648, Blue Diamond No. 1 Shopping Center,,EB ,,
2544, Dahris Al Muramiz,91080238,EB ,,
2915, Dhabar Khaleej,91679300,EB ,,
2672, Emtiyab Bahar Trading,99619317,EB ,,
1210, Fakhray Khawaima S/C,,EB ,,
1197, Ghasoon Asilah S/P,,EB ,,
2594, Hamdan Bin Siad Jaferi,911937313,EB ,,
1535, Hamid Bin Salim (Khuwaima),96918932,EB ,,
3385, Hamood Said Al Muslim Trading,97019347,EB ,,
1495, Hassan Al Branzi Trd,96209364,EB ,,
1724, Hassan Boranzi Trd  (Shakoor),98948346,EB ,,
2666, Ibrahim Ashkra,98218312,EB ,,
3498, Ibraj Mahoot Al Shimla Trading,9262 3306,EB ,,
1847, Jabal Al Shariq (Mahoot),93973474,EB ,,
3259, Jabar Al Awais Trading,94163110,EB ,,
1443, Jameel Bin khadim,,EB ,,
2384, Kala Mart,94625350,EB ,,
1534, Lulu Aseela Hyper Market (Khuwaima),,EB ,,
3218, Majad Al Safha,91914725,EB ,,
2663, Mohammadd Bin Saleh Trading,97765766,EB ,,
1536, Mohammed Saleh Zari,92681456,EB ,,
1550, Nabda Al Wadi Restaurant,95156485,EB ,,
1665, Nabta Al Wadi Shopping Center No. 2,95181496,EB ,,
2587, Nabta Wadi Khawaima,96589484,EB ,,
2683, Naser Bin ALi Bin Rashid,96929364,EB ,,
2739, Nibras Al Ashkra Trading,92591579,EB ,,
3346, Nibras Al khair,93534863,EB ,,
1174, Oriental S/C  (Al Ashkara),,EB ,,
2114, Qaliha Al Shuerh Trading,,EB ,,
2543, Qamar Al Ashkara,91977146,EB ,,
1852, Raban Super Market,,EB ,,
1449, Rawaye Al Majid Super Market,,EB ,,
1589, Razaz Aseela Al Shimal,,EB ,,
2362, Razaz Khawaima,,EB ,,
2673, Sada Al Moaj,94867541,EB ,,
1696, Saeed Khadoori S/C,99590878,EB ,,
1522, Saeed Khudri Restaurant,,EB ,,
1499, Sahuol Qaroun Al Bar,99046317,EB ,,
1807, Saleh Bin Khudri S/C,,EB ,,
1526, Salim Bin Saleem (Khuwaima),94189371,EB ,,
2630, Salim Saleem Al Zarea Trading,79093533,EB ,,
2409, Shalu C/S # 2,91551081,EB ,,
1737, Shalu Mart Bu Ali,90363310,EB ,,
3249, Shamokh Al Bander Trading,92111698,EB ,,
1950, Shams Al Askara Shopping Centre,,EB ,,
1715, Shawamak Al Ashkra,,EB ,,
1851, Shawati Khawaima Al Haditha,,EB ,,
3297, Shrkt Alkfwf Alraydt,99727700,EB ,,
3234, Stop & Shop,78321921,EB ,,
3256, Warad Al Muraibi Trading,79105727,EB ,,
2448, Wasem Al Sweah Trading,,EB ,,
1150, Yanabia AL Wadi Al Akhdar Trad,96270941,EB ,,
2583, Yanbia Al Bander,96270941,EB ,,
1555, Yasir Al Gailani,91342064,EB ,,
1436, Abdullah Bin Khalid (Ibra),,EC ,,
2481, Abnaa Al Qabil National Company,99820400,EC ,,
1899, ABQ Al Sala Golden Trading,96429811,EC ,,
2381, Abu Al Khatab Trading,98590091,EC ,,
3189, Abu Ghazalan  S/M,96616455,EC ,,
2221, Abu Khalid Al Mughary Trd,,EC ,,
1805, Afaq Middle East,99478222,EC ,,
3621, Aflaj Al Shawar Trading,+968 9955 0209,EC ,,
1512, Afrah Al Zain Trading (Ibra),93530418,EC ,,
1475, Ahmed Bin Amer S/C,,EC ,,
1440, Ajmal Cold Store,,EC ,,
2338, Al Asail Trd   (khalid),,EC ,,
1664, Al Ayad Al Rajhi Trading,98652786,EC ,,
2847, Al Bark Al Maiyah Trading,97209720,EC ,,
1490, Al Burj Al Aim Trd   (Ibra),98450801,EC ,,
2707, Al Dana Modern S/C,97421242,EC ,,
3440, Al Dar Yamen Restaurant,7999 8066,EC ,,
2461, Al Dhareen Trading,95600565,EC ,,
2661, Al Falahi # 2,99661042,EC ,,
1595, Al Falahi Shopping Centre,90959893,EC ,,
2504, Al Fawasal Al Arabiyat,96063572,EC ,,
1003, Al Firdous Hyper Market,97641790,EC ,,
1326, Al Fouz H/M  Bidaya,,EC ,,
1659, Al Fouz Shopping Center (Bidiya),,EC ,,
1114, Al Gardha Restaurant,96674162,EC ,,
3260, Al Hiba S/C,,EC ,,
1510, Al Junain Trading (Ibra),98673040,EC ,,
1752, Al Maha Mart,,EC ,,
1488, Al Manader S/P,,EC ,,
1547, Al Maqsood Trading,99754980,EC ,,
2752, Al Matragh S/C,98899888,EC ,,
1693, Al Mira modern  (Ibra),,EC ,,
3095, Al Nahda S/C,7109 2683,EC ,,
1544, Al Rahbat Hyper Market,,EC ,,
1509, Al Raheam Trading,,EC ,,
1506, Al Rawahy (Ibra),92355817,EC ,,
3182, Al Raz International LLC,71969662,EC ,,
1435, Al Safa Shopping Centre (Ibra),93597494,EC ,,
1066, Al Shariq united,,EC ,,
2128, Al Tarhab S/C,,EC ,,
1434, Al Tayer Modern Trading,,EC ,,
2812, Al Tayer S/C # 2,71495955,EC ,,
2004, Al Tayer Trading Store,,EC ,,
3197, Allauddin And Partners,79592513,EC ,,
2965, Amjad Al Minjirid Trading,95600565,EC ,,
1466, Anhar Al Fayha H/M,,EC ,,
1704, Asail Resturant,,EC ,,
2451, Aswar Al Ghalaji,92503030,EC ,,
3183, Ayen Zam Zam S/C,94245254,EC ,,
2382, Azhar F/S,95090391,EC ,,
2652, Bait al Tonour,92730934,EC ,,
2632, Basateen Al Shareg Trading,78053090,EC ,,
1757, Bassat Al Khaldiya S/C,,EC ,,
1594, Bidiya Shopping Centre,,EC ,,
3139, Burj Al Ain Modern LLC,91826463,EC ,,
1839, Dhafaf nahar Al Nail (Ibra),,EC ,,
1585, Ezze Al Aghbri Trading (Ibra),98673040,EC ,,
1718, Fatah Al Khair S/c,,EC ,,
2083, Galaxy Tayer Modern,,EC ,,
2907, Gardha S/C,98549876,EC ,,
3579, Hilal Al Siyabi Dima,98818605,EC ,,
1573, Ibn,93037432,EC ,,Ali Al Aghbari Trading
1822, Ibna Fresh Rest. (Tariq),,EC ,,
3162, Kawakib AL Khaldia Trading,93051700,EC ,,
3337, Khairat Al Wasta Trading,9794 7849,EC ,,
2218, Khaleej S/C,,EC ,,
3229, Khazama Mart,97253523,EC ,,
1764, Magic East LLC (Ibra),,EC ,,
2880, Manadher Al Alya S/C,99458778,EC ,,
3181, Mashairy Yanby Al Yayeen Trading,79341873,EC ,,
2164, Mawal Al Mantrib,94363835,EC ,,
1476, Mohammad Al Nasir Trad,99447956,EC ,,
2494, Mualam Al Aqsa Trading,96425510,EC ,,
3580, Muhammad Bin Saeed Hashmi (Muzehra),9486 8255,EC ,,
2923, Muhammed Bin Ahmed Trading,94321007,EC ,,
1545, Munber Al Aaliya Trading,97421242,EC ,,
3051, Muscat Golden H/M,97458515,EC ,,
3303, Nasim Mahoot Rest.,,EC ,,
2428, Nasir Mohd Trading,98849402,EC ,,
1883, Nawaya Bidiya Hyper Market,94189435,EC ,,
2549, New Buraj Al Aim,91287174,EC ,,
1586, New Hiba Shopping Centre (Ibra),,EC ,,
1751, Noor Al Bawaraq S/C,92699386,EC ,,
1924, Noor Bawaraq (Badiya),,EC ,,
3070, Noor Firdous,99322295,EC ,,
1645, Noor Lail Shopping Center,98605679,EC ,,
2762, Oriantal S/C baqala,99020847,EC ,,
1511, Oriental Shopping Centre,,EC ,,
1840, Oriental Shopping Centre (Ibra),,EC ,,
1703, Pakistani Resturant,,EC ,,
1477, Quri Al Qabil S/C,92355817,EC ,,
2628, Ramla Al Quram,71447377,EC ,,
1702, Rawal Al Reef Resturant,94518733,EC ,,
3140, Remal Bidiya Trading,99711975,EC ,,
2832, Reyf Dima S/C,99664127,EC ,,
1313, Rowzan Ibra,99288250,EC ,,
1981, Royal Palace,93426371,EC ,,
2701, Royal Table LLC,97469742,EC ,,
3380, Royal Table LLC,93917408,EC ,,
1746, Rozan Resturant (Ibra),92888680,EC ,,
2651, Ryfdima Modern,99664127,EC ,,
3677, Safari World LLC,95600565,EC ,,
1502, Safwah Remal Quram (Bidaya),95135871,EC ,,
3244, Saif bin Khalifa,99748819,EC ,,
3381, Saleem Abdullah Muhammad Trading,93597494,EC ,,
3581, Saleem Abdullah Trading,93597494,EC ,,
1486, Salem Moh Al Hajri Trad,,EC ,,
1670, Sama Al khaleej Shopping Center,,EC ,,
1646, Satooh Shopping Center,95093494,EC ,,
3163, Shahouq Int.,94643638,EC ,,
1563, Shams Group (Bidiya),,EC ,,
2990, Shuaibi Mintrib Trading,94214829,EC ,,
2350, Special Deals Trading,,EC ,,
1489, Suhool Al Lamaa Trading    (Bidya),79807321,EC ,,
2252, Sultanat United,,EC ,,
2658, Taif al Falez Trading,97383485,EC ,,
3084, Tariq & Partner Investment L.L.C,98549876,EC ,,
1493, Tariq Resturant,,EC ,,
1590, Turkesh Restaurant,,EC ,,
2320, Wajahat Al MarmoomTrd,,EC ,,
2771, Yamdi Saleem Abdullah Trading,93597494,EC ,,
2488, Yanabia Al Yamini,79592513,EC ,,
2982, Zam Zam International,94915126,EC ,,
1628, Abasin Restaurant,92483962,ED ,,
1345, Abdullah Bin Said Hamed,,ED ,,
1567, Abdullah Fanja (Sur),,ED ,,
1352, Abdullah Sadi,,ED ,,
1414, Abu Al Miyaz Trading,99006992,ED ,,
2396, Abu Mahad Trd,93533490,ED ,,
2955, Abu Mahd Al Mukhani Trading,71236754,ED ,,
1722, Abu Manaf Al Farsi Trd,95680810,ED ,,
1480, Abu Yaseeen S/C,91212965,ED ,,
2369, Abu Yosuf F/S,93802514,ED ,,
1834, Afaq Al Reyadh # 3,,ED ,,
1885, Afaq Al Riyadha # 5,92153053,ED ,,
1127, Afaq Al Riyadha Rasal Hud,98283083,ED ,,
2317, Afaq Riyadh # 4,,ED ,,
1418, Affaq Al Riyadh Trading,93390326,ED ,,
3671, Affaq Int. Trading,92466612,ED ,,
2951, Afnan Majan,97139840,ED ,,
1067, Afnan Majan Hyper Market (Sur),,ED ,,
3241, Afnan Majan Trading,79156540,ED ,,
1974, Ajrass Al Khaleej,,ED ,,
1135, Al Amajid S/C,98268935,ED ,,
2371, Al Amjad S/C,91509890,ED ,,
1161, Al Bana Restaurant,90607700,ED ,,
1080, Al Eskandaria Shopping (Global Vlg),,ED ,,
1482, Al Fouz Hyper Market,,ED ,,
1841, Al Grabe Sahil Shopping Centre,,ED ,,
2921, Al Istabarq Trading,91605067,ED ,,
1412, Al Jasser Shopping Center,99478302,ED ,,
1540, Al Mukhtar Restaurant,96721556,ED ,,
1622, Al Sadiq Shopping Center,92108020,ED ,,
1584, Al Safa Shopping Centre (Mutefa),,ED ,,
2498, Asaar Al Madina,93002720,ED ,,
2844, Asaar Al Madina # 2,93002720,ED ,,
2476, Athara Al Madina S/C,71719714,ED ,,
3556, Bazokh Fajer Al Amel,92083927,ED ,,
3619, Bazokh Fajer Al Amel Trading,94699250,ED ,,
1496, Blue Diamond S/C,92756911,ED ,,
2370, Faisal Al Qasmi F/S,91848822,ED ,,
1772, Galaxy S/C Sur,,ED ,,
1368, Global Village S/C,95064000,ED ,,
2516, Ibn Al Araimi,93607833,ED ,,
3206, Ibn Al Falahi Trading,96934427,ED ,,
3266, kuptan Al Batheel,98800511,ED ,,
3199, Lamsat Al Afiya,98091774,ED ,,
1620, Latif Ur Rehman Trading,,ED ,,
3135, Maladh Al Khair,98060535,ED ,,
1376, Marsa Al Bateel Shopping Centre,,ED ,,
2110, Mazaya Sur S/C,,ED ,,
1618, Minara Sur Al Mutamayiza Trad,,ED ,,
1692, Mohd Salim Al Husni,,ED ,,
1491, Muhammad Bin Abdullah Al Saadi #2,92468240,ED ,,
1695, Muhammad Bin Abdullah Saadi #1,91767679,ED ,,
1811, Mukhtar Yamni Rest,,ED ,,
3294, Nasim Mahout Rest,97253520,ED ,,
1565 (016), Ramez Shopping Centre (Sur),96800732,ED ,,
2574, Said Bin Khamis Trading,,ED ,,
1557, Shaheen Sur Shopping Centre,,ED ,,
1420, Shatti Al Ghaleela Trading,99259454,ED ,,
2499, Shatti Galeela # 2,99259454,ED ,,
1867, Talal Al Ghabeera Trading,,ED ,,
2988, Thawaq Trading,99502621,ED ,,
3200, Ultimate Merit Trading,95792871,ED ,,
3363, Yaseen Investment & Development,99695316,ED ,,
2555, Yousaf Al Razaqi Trading,96769788,ED ,,
3075, Yousaf AL Watni,72880976,ED ,,
3246, Zaki Restaurant,92255251,ED ,,
1621, Zaki Shopping Center,,ED ,,
2644, 24 Shopping Centre,95873301,H1 ,,
3678, Abu Al Haitham S/C,91844018,H1 ,,
2885, Abu Saleh Rest   (Adam),77364119,H1 ,,
3332, Abu Tayef Al Amin,72229607,H1 ,,
1997, Afia Al Amal Cold Store,92002846,H1 ,,
2906, Al Dahbi Kersha,92311254,H1 ,,
1117, Al Fakhar Shopping Center,95768667,H1 ,,
2192, Al Hala S/C,79771733,H1 ,,
2755, Al Khaleej C/S,98954652,H1 ,,
1383, Al Luban S/C,90897408,H1 ,,
2878, Al Nokhba Market,91781163,H1 ,,
1990, Al Rahba Cold Store,99336158,H1 ,,
2288, Al Rizq Al Hassan Izki,99262750,H1 ,,
1995, Al Yaara H/M Smail Road,79241279,H1 ,,
1386, Al Yaara Izki,71286979,H1 ,,
2947, Amjad Barkat Al Mouz,95940839,H1 ,,
1230, Anwar Seema S/C #1,98343447,H1 ,,
2919, Ateer Project,90197878,H1 ,,
2757, Barkat Mouz C/S,95307101,H1 ,,
1960, Barkat Nhda C/S,91333095,H1 ,,
3331, Bin Hilal Al Siyabi,78616971,H1 ,,
1994, Dar Al Dhiyafa Shopping Centre,94016928,H1 ,,
2966, Fajar Al Maidan # 2,98585447,H1 ,,
3393, Hala HM,79771733,H1 ,,
2884, Manara Gift Market   (Izki),90438284,H1 ,,
1984, Manazar Magsar,99370008,H1 ,,
3634, Musabah Bin Said,96370251,H1 ,,
1998, Najim Al Madina H/M,95640038,H1 ,,
1911, Rameez Cash Sale,,H1 ,,
1097, Rihab Al Dakhilia Shopping Center,95041973,H1 ,,
1350, Rounaq Al yaqeen Rest,99271562,H1 ,,
2777, Sahari Sumail S/C,95929652,H1 ,,
2874, Sahoul Al Qala   (Sinaiya),78169123,H1 ,,
1340, Smou S/C,78779704,H1 ,,
1454, Sustainable Vision,,H1 ,,
2935, Sustainable Vision # 2,93928792,H1 ,,
2675, Taif Al Amal S/C,94382917,H1 ,,
2830, Taj H/M  (Izki),98939891,H1 ,,
1050, Tamooh Imti Trading,92573015,H1 ,,
2575, Zahrat Al Orchid,97775944,H1 ,,
3569, Abraj Sohur Intergrated Rest,96209925,H2 ,,
2834, Adam H/M,91661232,H2 ,,
2450, Adil Abdo ALi  S/C,90673278,H2 ,,
2864, Al Amwaj Al Shimla   (Adam),71251273,H2 ,,
2548, Al Andlib S/C,,H2 ,,
1323, Al Ghaba S/C,71344892,H2 ,,
3336, Al Jama S/C # 2,92199019,H2 ,,
1256, Al Jama Shopping Centre,92199019,H2 ,,
2414, Al Jawahar S/C,92175091,H2 ,,
2805, Al Jawahra Yamni,78040554,H2 ,,
2225, Al Rehyan H/M,99544497,H2 ,,
2773, Al Tika Rest,98905767,H2 ,,
2980, Al Tiqa International,98905767,H2 ,,
2843, Al Yemen Al Saeed Grocery,97618335,H2 ,,
2822, Barkat Adam Rest  (Adam),96271112,H2 ,,
3568, Dhelal Al Ward Rest,92689770,H2 ,,
2825, Fruits Of Paradise,,H2 ,,
3445, Giyash S/C,93646295,H2 ,,
2664, Halman S/C,93177871,H2 ,,
1945, Hessan C/S,95399144,H2 ,,
2034, Izz Al Shamookh S/C,,H2 ,,
2394, Madar Al Khaleej,90288090,H2 ,,
2823, Manar Barka  (Adam),98989127,H2 ,,
2863, Manba Al Ain Rest   (Adam),99679358,H2 ,,
2132, Mashayria Murtfat Sewan Al Shamla,90682777,H2 ,,
2732, Master C/S,98090029,H2 ,,
2087, Mav Restaurant,99048910,H2 ,,
2792, Muheet Al Skabiya,92836848,H2 ,,
2820, Salalah Marasi Trading Company LLC,97618335,H2 ,,
1949, Sama Al Khaleej S/C,90113233,H2 ,,
2710, Shalaat  C/S,97586013,H2 ,,
2699, Shumooh Trading,93913995,H2 ,,
1470, Zahrat Binfsaj Izz # 2,91113320,H2 ,,
1441, Abdali Shopping Centre,26880063,H3 ,,
2045, Adam EXL LLC,96577876,H3 ,,
2637, Al Fath S/C,95164747,H3 ,,
2261, Al Gafat Mart,72792132,H3 ,,
2179, Al Habbi S/C,72792132,H3 ,,
1305, Al Khatri Food Stuff,96057411,H3 ,,
1065, Al Maara Cold Store,99379877,H3 ,,
2887, Al Maha H/M,92467917,H3 ,,
2802, Albued National Gafat,,H3 ,,
2894, Ataweer S/C,95788076,H3 ,,
1684, Bilad Jawahar S/C,95869850,H3 ,,
2916, Candles Al Dakhlia    (Mana),98719982,H3 ,,
2323, Dahfaf Rest. Ghafat,97241607,H3 ,,
2044, Gate Of Saifem S/C,99065539,H3 ,,
1794, Lahori  Rest.,97909500,H3 ,,
2471, Lolot Wadi Quryat,71305054,H3 ,,
2826, Mashaeel S/C,95221911,H3 ,,
1232, Meydan Mana Trading,99523775,H3 ,,
2029, MIddle East ( Besia),99738993,H3 ,,
2627, Muzn Al Ghanama (Wadi Quriyat),92323127,H3 ,,
1572, New Al Firq C/S # 2,99184483,H3 ,,
2617, Nosor Al Sharq  (Gafat),99063639,H3 ,,
3442, Reem AL Yamen   (Jabrin),99499157,H3 ,,
2836, Reem Al Yeman  (Bisiya),93099201,H3 ,,
2055, Ruba S/C,91306970,H3 ,,
3508, Shuaa Al Majd,92371379,H3 ,,
2774, Wadi Quryat Khadra,,H3 ,,
2030, Wadi Quryat S/C,92137513,H3 ,,
2526, Abraj Al Wasit,93598614,H4 ,,
3105, Afghani Restaurant,94925919,H4 ,,
2645, Ahmad Bin Saif C/S   Sinaw,94925919,H4 ,,
2636, Ahmed Khalfan (burzman),92622535,H4 ,,
2924, Al Jazer Al Omani,94601577,H4 ,,
2860, Al Joud S/C,96222508,H4 ,,
2324, Al Madam S/C,95357737,H4 ,,
2033, Al Quriya Al Mudhiah,79209799,H4 ,,
3355, Al Safaa International,92674392,H4 ,,
3446, Al Thaer Modern,96434043,H4 ,,
2646, Amjad Sinaw Trading,99338146,H4 ,,
3356, Awlad Yusuf S/C,92674392,H4 ,,
2427, Babil H/M,99659232,H4 ,,
2731, Bank Gulf C/S,95199998,H4 ,,
2761, Bawabat C/S,96218677,H4 ,,
3001, Fursan Al Burzman Rest.,93604014,H4 ,,
2412, Hamood Bin Saleem,95440997,H4 ,,
2693, High Choice Trading,95113037,H4 ,,
2888, Ibn Saad Trading   (Sinow),93598614,H4 ,,
3243, Jouhrat Sarab Qala,92674392,H4 ,,
2856, Lamah Al Masa,96222508,H4 ,,
2528, Lataif Al Wasit,95585260,H4 ,,
2635, Murtafat Burzman,92053875,H4 ,,
2723, Qala C/S,92860560,H4 ,,
2962, Rawabi Al Farsakhy S/C,98614475,H4 ,,
2459, Rawabi S/C,98989117,H4 ,,
2425, Salim Yaqoob,97970307,H4 ,,
2983, Shamouh Burzman,93512380,H4 ,,
1910, Shamoukh Cold Store,96222582,H4 ,,
3018, Shape Restaurant,93331606,H4 ,,
3524, Shool Al Muailuf,78720660,H4 ,,
1136, Zahoor Muscat,91558254,H4 ,,
3564, Zhrt Al Wafy LLT JART,93598614,H4 ,,
2524, Ziyad Mahrooqi S/C,96665287,H4 ,,
2407, Abdul Rehman Khalifa,79121602,H5 ,,
1969, Adhwa Flour Mill,99056623,H5 ,,
1137, Al Lafeef Golden,92294887,H5 ,,
3504, Al Qurn Al Masi Rest,,H5 ,,
3400, Al Qurn Al Masi Restaurant,97357293,H5 ,,
2638, Amjad Ibri,98289847,H5 ,,
2782, Anwar Al Roudh,99531736,H5 ,,
1424, Aroos Damishk Kitchen,,H5 ,,
2310, Aswaq Hadaya S/C,79525509,H5 ,,
2985, Gulf Waves,77106575,H5 ,,
3358, Lobby For Pioneering Project,95681305,H5 ,,
2421, Modern Imposible,96967876,H5 ,,
2604, Raboh Al Abla,71336242,H5 ,,
1636 (014), Ramez Shopping Center (Ibri),,H5 ,,
2846, Reem Al Yemen   (Mamora),97673959,H5 ,,
2877, Rounaq Al Amwaj   (yanqal),92324978,H5 ,,
1970, Ruwaya Al Hayool S/C,97011529,H5 ,,
2908, Shabab Yanqal S/C,96196294,H5 ,,
2876, Shaham Al Dahir   (Yanqal),96554278,H5 ,,
3452, Success Partners,94095932,H5 ,,
2566, Tala e Al Howra,95241122,H5 ,,
2085, Wadi Al Ain S/C,95364633,H5 ,,
2690, Yanqal C/S,92017141,H5 ,,
3395, Abdullah Abdali,96399882,H6 ,,
2535, Abu Ishaq,93902690,H6 ,,
2601, Al Dhabi S/C    (Nizwa),92311254,H6 ,,
1271, Al Etihaad S/C,,H6 ,,
2195, Al Gawas Rest,,H6 ,,
1362, Al Hud Hud Restaurant Marfa,96003350,H6 ,,
2368, Al Karama Behla,91982006,H6 ,,
2850, Al Nas H/M   (Behla),98993962,H6 ,,
2870, Al Qabail S/C   (Hamrah),92324878,H6 ,,
2434, Al Qabayel Centre,99444658,H6 ,,
2531, Al Salami National,92088008,H6 ,,
2191, Al Samood # 2,,H6 ,,
2277, Al Yahyai C/S,98080683,H6 ,,
2618, Al Yahyi S/C  (Tanoof),99509658,H6 ,,
2643, Alostora S/C,94993398,H6 ,,
3520, Amjad Behla Rest,98098030,H6 ,,
2345, Aseel Al Ghafat S/C,91177294,H6 ,,
3237, Aseel S/C,95664695,H6 ,,
2272, Aseel S/C  Behla,,H6 ,,
2818, Ataweer Al Wasit,95788076,H6 ,,
1919, Bahjat C/S,99122231,H6 ,,
1456, Bahla Al Khair S/P,98117288,H6 ,,
1278, Barkat Al Reyaheen,,H6 ,,
2676, Bastateen Islam # 2,97348170,H6 ,,
3479, Behla high End Lights,91683752,H6 ,,
1940, Dafaf Restaurant # 2,,H6 ,,
3481, Didarul Company LLC,79213317,H6 ,,
2869, Fakhry Deyafa Rest (Nizwa),92324878,H6 ,,
3327, Fast S/C,97870799,H6 ,,
2576, Green Apple,,H6 ,,
2578, Hi Thurath C/S,92881120,H6 ,,
1423, Hud Hud Turkey Rest  (Behla),,H6 ,,
1421, Hud Hud Turkey Rest (Hamra),,H6 ,,
1338, Ibn Al Hamra,94245550,H6 ,,
3546, Jabal Saad Al Dhabi,90666639,H6 ,,
2748, Khairat C/S,95029641,H6 ,,
2974, Malaz Al Hayat,72556676,H6 ,,
3551, Muntalaq Dar Al Aslam,93111166,H6 ,,
2542, Murtafat Jahfan,99318564,H6 ,,
3408, Rawaye Hai Ain Trading,96969959,H6 ,,
2539, Rayaz Behla Spice,99205355,H6 ,,
3435, Reem Al Yamen,99499157,H6 ,,
2926, Reem Al Yemen (Hamra),99499157,H6 ,,
2848, Roudh Al Misfah  (Hamra),99247089,H6 ,,
3499, Sadeem Al Sama C/S,96540456,H6 ,,
2564, Sahoul Al Sharaf,93391742,H6 ,,
3288, Salah Al Mufraji Project,94359195,H6 ,,
2796, Salim Hashmi,99538803,H6 ,,
2849, Saudi Restaurant,91383348,H6 ,,
2733, Shamookh Mana C/S,95039310,H6 ,,
1780, Sharooq Hai Al Ein,97745566,H6 ,,
2558, Shuwa Al Bawadi,94703047,H6 ,,
3547, Silasil Tanuf,99470832,H6 ,,
2938, Sinsila Moddle East L.L.C,95020818,H6 ,,
2580, Tafasal H/M,99422744,H6 ,,
1932, Takaful Restaurant,90756845,H6 ,,
1277, Tanuf S/C,,H6 ,,
2989, Umm Takabul,90102080,H6 ,,
2565, Yanabie Al Ghadir,91992935,H6 ,,
2917, Zahrat Benefsage    (Kersha),91692512,H6 ,,
2595, Zahrat Binafsaj,9979907,H6 ,,
3624, Zahrat Binafsaj     (Farq),99799707,H6 ,,
2186, Zahrat Binafsaj C/S  Nizwa,99799707,H6 ,,
3391, Zahrat Binafsaj HM,99799707,H6 ,,
2547, Zahrat Mamed,95326264,H6 ,,
2278,Al Kudmi S/C,,H6 ,,
2862,Turat Al Mandi Rest  (Nizwa Souq),96538359,H6 ,,
2307, Al Ahid S/C,,K1 ,,
2109, Al Amjad Barka Trad.,96607485,K1 ,,
2065, AL Anood S/C,,K1 ,,
2934, Al Ansari S/C II,91080523,K1 ,,
1953, Al Ansari Shopping Centre,,K1 ,,
1182, Al Areen Shopping Center,957154723,K1 ,,
2787, Al Fadl S/C,95418833,K1 ,,
1941, Al Ghanem Shopping Centre,99002232,K1 ,,
3478, Al Hiba S/C # 2,99077860,K1 ,,
1862, Al Hiba Shopping Centre,,K1 ,,
2648, Al Saud S/C,,K1 ,,
3125, Al Thnal Al Shamla,92518779,K1 ,,
1332, Al Zahiya Cold Store,,K1 ,,
1812, Araif Al Batinah Trading,,K1 ,,
1090, Arshad Cash Sale,,K1 ,,
2392, Fajar Al Ghashb C/S,94176200,K1 ,,
2647, Faliq Al Mussanah S/C,79206079,K1 ,,
3110, Greeb Salim S/C,99338385,K1 ,,
1006, Hamood Bin Abdullah,,K1 ,,
1363, Kyan Mustaqbil Shopping Centre,98706385,K1 ,,
1760, Mirza Shopping Centre,94773715,K1 ,,
1942, Musannah Beach Cold Store (Musanna),99731873,K1 ,,
3572, Noor Al Aqsa S/C,78177530,K1 ,,
1587, Remal Shopping Centre (Mussannah),95656448,K1 ,,
3054, Salman Bin Nasir,,K1 ,,
3055, Shamoukh AL Ghubira,78037520,K1 ,,
3201, Sharooq Wudam,98200687,K1 ,,
3067, Wudam S/C,,K1 ,,
3123, Abdullah Saeed Trading,97068511,K2 ,,
3088, Airport Tower,42896203,K2 ,,
2240, Al Fawan S/C,,K2 ,,
3132, Al Ghazi S/C,99730678,K2 ,,
3217, AL Hilal Int # 2,79853209,K2 ,,
3441, Al Hilal Int # 3,,K2 ,,
1579, Al Kass Shopping Centre No.2,,K2 ,,
1062, Al Melaz S/C     Al Tareef,96731750,K2 ,,
1063, Al Melaz S/C # 2    Mussanah R/B,96450975,K2 ,,
3134, Al Nahda H/M,,K2 ,,
2606, Al Wahra S/C,96062555,K2 ,,
3392, Al Wahra S/C # 2,95040017,K2 ,,
3651, Al Wathba Mini Mart,77361230,K2 ,,
1250, Attayab Al Diyafa Shopping Centre,,K2 ,,
2210, Ayoon Sajae Trading,90692996,K2 ,,
3073, Central H/M,,K2 ,,
3008, Dream S/C,79853209,K2 ,,
1369, Fathimah Shopping Centre,,K2 ,,
1870, Food Max H/M,,K2 ,,
3012, Ibna Manakher Trad,99700810,K2 ,,
3107, Jasim Mohd. Yousaf,96719030,K2 ,,
2967, M.Abdul Rehman Traders,96511223,K2 ,,
1183, Mafaz shopping Centre,,K2 ,,
3456, Makkah H.M,,K2 ,,
3091, Manazer Al Batnah,97478635,K2 ,,
2743, Millennium Rest,92346888,K2 ,,
1131, Modern Rafid Traders,99212394,K2 ,,
1035, Mohammed Bin Murad,95470684,K2 ,,
1607, Nabras Al jazeera,96106448,K2 ,,
3417, Nahida S/C,99438638,K2 ,,
2330, Najam AL Saroor,,K2 ,,
2899, Naseem Al Ridda,71895245,K2 ,,
2680, One Billion Hyper Market,93919796,K2 ,,
3212, Qafla Al Badiya 2,99712768,K2 ,,
1334, Qaflah Al Badiya Trad,99712768,K2 ,,
2410, Siraj Al khair,91229325,K2 ,,
3647, Sur Bahla OverAll,78614032,K2 ,,
3661, Wradt Al Rabi,93064435,K2 ,,
1282, Yahya Bin Salim Trading,,K2 ,,
2889, Zam Zam Mandi Rest,90900762,K2 ,,
3536, Abu Umar Al Kharsi Rest.,93551087,K3  ,,
2503, Al Badia H/M   ( Muladha),,K3 ,,
1084, Al Badiya Hyper Market   (Subaikhi),96194900,K3 ,,
1121, Al Bareer S/C   (khaba),99766001,K3 ,,
3149, Al Hilal Int.,79853209,K3 ,,
1144, Al Karama Hyper Market (Suwaiq),99284686,K3 ,,
2905, Al Lamki Trading,92432839,K3 ,,
2903, Al Melaz H/M 2   Wadam Sahil,93219650,K3 ,,
1186, Al Qart Global Trading,,K3 ,,
3076, Al Qoot H/M   (Sanaiya),,K3 ,,
3150, Al Shams S/C,79408360,K3 ,,
3170, Al Suwaiq Dream,94055790,K3 ,,
2893, Al Weaam H/M,92361929,K3 ,,
3034, Aswar Al Seeb,95261295,K3 ,,
2970, Bronze Stair Projects,99418661,K3 ,,
1073, Dosteen Hyper Market,99333714,K3 ,,
1685, Durrat Al Suwaiq Trading,,K3 ,,
3089, Fast Mart,98063444,K3 ,,
3451, Janoob Al Madina H/M # 2,97303304,K3 ,,
2117, Kawakiba Minara Rest,91790850,K3 ,,
1581, Lulu Muscat Hyper Market L.L.C,26961600,K3 ,,
3100, Minara Al Mussanah,99602309,K3 ,,
1384, Nabras Al Ghubaira Trading,,K3 ,,
3179, Qafilat ALBadiat,79144483,K3 ,,
3367, Qaflah Al Badiya 3,99712768,K3 ,,
3061, Red Al Gate Stone,99889612,K3 ,,
1980, Sahool Umasaih Al Shamla trading,97167282,K3 ,,
1788, Tayoor Naman Trading,92386775,K3 ,,
3083, Adhwa Al Khaba,93278510,K4 ,,
2069, Al Bareer S/C # 2 (Sabia),,K4 ,,
1031, Al Idam Shopping Centre,,K4 ,,
1413, Al Mazeed Cold Store,96961031,K4 ,,
3052, Al Qoot S/C,94055790,K4 ,,
2713, Al Rawasi S/C,94301801,K4 ,,
3430, Al Weaam H/M,,K4 ,,
1263, Al Weaam Hyper Market,,K4 ,,
3137, Blue Diamond S/C,72074600,K4 ,,
1225, Burj Al Mussanah S/C,,K4 ,,
1159, Faisal Shopping Center,,K4 ,,
2714, Ibn Shadat Trader,,K4 ,,
2393, Janob Madina H/M,97303304,K4 ,,
3472, Janoob Al Madina (Sanaiya),78005449,K4 ,,
2740, Qatrat Al Shahid,78033646,K4 ,,
1240 (013), Ramez International LLC,,K4 ,,
1750, Ramooz Sur Hean Trd,,K4 ,,
3221, Reyaheen Al Nada S/C,78819511,K4 ,,
2151, Sahool Umm Seah,,K4 ,,
3066, Salem S/C     Muladha,,K4 ,,
3065, Salim S/C    (Wadum Sahil),,K4 ,,
2811, 55 Shopping Centre,98049722,K5 ,,
3138, Abu Ziyad Al Farsi,97385506,K5 ,,
1516, Al kass Shopping Centre,,K5 ,,
2751, Al Mass S/C,98310894,K5 ,,
2463, Al Mastawi National,94218780,K5 ,,
2586, Al Melaz H/M   Shoiba,94260067,K5 ,,
1827, Basma Wudam S/C,92930225,K5 ,,
3106, Bassateen Al Shuaiba,99164096,K5 ,,
2452, Easa Bin Mater,94920600,K5 ,,
1430, Fahad Bin Saeed Al Maliki,,K5 ,,
3007, Fresh Majan,94930840,K5 ,,
3035, Hameed Swaelim,92270743,K5 ,,
2809, Majan Al Khaleej,,K5 ,,
3676, Makkah H/M,,K5 ,,
3652, MD Iqbal Hussain,94390254,K5 ,,
2066, Sharooq Al Swadi,,K5 ,,
2700, Shati Nasim Trading,92919883,K5 ,,
1616, Sur Bahla Shopping Center,94117688,K5 ,,
1044, Wahat Al Sawadi,99504847,K5 ,,
1140, Abdullah Kitchen,92258112,K6 ,,
2203, Adwa Ar Ar Trade,93358955,K6 ,,
3169, Afnan Business,94379768,K6 ,,
2816, Afrah Al Shuaibi Trading,92573469,K6 ,,
1087, Al Baghdad Shopping Center,96168069,K6 ,,
1198, Al Basem Resturant,99705686,K6 ,,
1049, Al Hauz Trading,26875411,K6 ,,
1320, Al Kafi S/C,,K6 ,,
2088, Al Kafi S/C # 2,,K6 ,,
1515, Al Robooh Al Wadi Trading,94213825,K6 ,,
2785, Al Sabeel C/S,95303415,K6 ,,
1172, Al Sehad Al Sateea Trading,,K6 ,,
1437, Al Tamam Hyper Market,92957610,K6 ,,
2165, Al Waha S/C,,K6 ,,
3208, Ali Bin Saeed Al Lamki,,K6 ,,
3127, Ali Saeed Malki,71797925,K6 ,,
3154, Anwar Wadi Bani Shafer,94154822,K6 ,,
3156, Asayal Al Washel Kitchen,92258112,K6 ,,
3461, Atheer S/C,79776801,K6 ,,
3094, Fajer Al Barkat,99245312,K6 ,,
3068, Iqbal Mohd Baha,93092817,K6 ,,
3450, Kanooz Al Falaj Trading,95562625,K6 ,,
3662, Kat Al Zawihri Trading,78745242,K6 ,,
1680, Lulu Muscat Hypermarket LLC,26775100,K6 ,,
3069, Masai Al Khair,99880844,K6 ,,
1054, Matar Majan S/C,,K6 ,,
2509, Mohd. Umar Shasi,92515277,K6 ,,
1201, Moheet Cold Store,95521917,K6 ,,
1795, Nada Al Rustaq,,K6 ,,
3582, Naeem Al Rustaq Trading,98782000,K6 ,,
1042, National Shopping Centre,,K6 ,,
2000, New Raboo Al Wadi,,K6 ,,
1188, Raja Imtiaz Khan Resturant,26876415,K6 ,,
2767, Razaz Al Matr Rest,98977473,K6 ,,
3583, Reman S/C,92131915,K6 ,,
1242 (011), Remez International LLC,24422052,K6 ,,
3292, Ruwad Al Khair,99352563,K6 ,,
3158, Saeed Saif Zahran,93253152,K6 ,,
2048, Safooh Al Sahra S/C,92379235,K6 ,,
1865, Saleh Bin Saif Rahim,,K6 ,,
3673, Shamoo AL Houkain,93365790,K6 ,,
3128, Shima Al Arab Rest,91919786,K6 ,,
2810, Siraj al Shabika,98003677,K6 ,,
3168, Sulaiman Al Khatri,77226706,K6 ,,
2759, Tabasheer Al Khair,99412974,K6 ,,
2145, Tahir Resturant,,K6 ,,
1301, Talal Al Jabal Restaurant,99822658,K6 ,,
2163, Turkish Taranim Al Ebda Rest,92022780,K6 ,,
2025, Wusam Al Ezz S/C,,K6 ,,
1200, Yaqub Al Shkeli Tradi,92213679,K6 ,,
3593, Zad H/M,91972875,K6 ,,
2886, Zahrat Hudal,92165641,K6 ,,
3377, Al Kass S/C #  3,94344622,K7 ,,
1148, Al Tayef Shopping Center,,K7 ,,
3228, Bairaq Al Maghsar,99451162,K7 ,,
2900, Barka National Trader,97277244,K7 ,,
2431, Bashayir Al Uqda,,K7 ,,
3101, Burj Al Musannah # 2,,K7 ,,
2420, Food Trolly S/C,,K7 ,,
1351, Ghousan Salam Al Fizzi,97796237,K7 ,,
2720, Kanooz Al Abar  S/C,92976931,K7 ,,
1742, Kanooz Halban S/C,,K7 ,,
2746, Mian Mian S/C,95943177,K7 ,,
2835, Sama Barka,99335497,K7 ,,
1698, Sheem Al Rumais,79048995,K7 ,,
2147, AA Khamis Driver,,ZA ,,
1869, Afaq Al Kawakab Restaurant,96369717,ZA ,,
1406, Bahar Al Diyan Shopping Centre,92066661,ZA ,,
1255, Green Mart Hyper Market (Suwiq),,ZA ,,
1190, Green Mart Shopping Center,,ZA ,,
2053, Hanoon Modern Projects LLC,,ZA ,,
1124, Sahool Al kamil S/C,,ZA ,,
1675, Soulaf Hyper Market,,ZA ,,
1462, Suwaid Al Maa Trading,,ZA ,,
1353, Zafran Restaurant,,ZA ,,
3366, Wadi Al Jazi Trading,98381379,ZA5 ,,
1405, Al Hakmani Shopping Centre,,ZAC ,,
1342, Al Marina H/M,91130700,ZAC ,,
1163, Al Seef Hyper Market,96243438,ZAC ,,
1808, Hanoon Modern Projects LLC (Saham),,ZAC ,,
1295, Moheeth Sohar Trading,,ZAC ,,
1155, Nana Hyper Market,,ZAC ,,
2289, Abu Sundus S/C,,ZB ,,
1217, Al Ayad Shopping Centre,99452667,ZB ,,
1432, Al Rabeea National S/C,97950567,ZB ,,
1089, Al Tuwan Al Raqi,,ZB ,,
2043, Ali Abbas Rest,,ZB ,,
2436, Bukhari Rest,97185454,ZB ,,
1781, Green Mart H/M,,ZB ,,
1147, Jaithmal Kalyanji Co,,ZB ,,
1336, Mohammad Obaid Al Fahd Trad,,ZB ,,
1175, Pak Afghan Resturant,92280081,ZB ,,
2223, Tayabat Saara,,ZB ,,
3301, Al Shakila Trading,78708646,ZB1 ,,
3078, Rimal Beach,72853924,ZB1 ,,
2009, Basmat Al Fajar,,ZB3 ,,
2593, Al Somhan Trading,93578733,ZB6 ,,
2902, Reeve Barka C/S,94664665,ZB7 ,,
1112, Al Kifaya Shopping Center,99719256,ZBC ,,
1415, Mars Hyper Market,,ZBC ,,
1777, New Zatoon S/C,,ZBC ,,
1237, Ramees Beach S/C,95948786,ZBC ,,
2222, Ronaq S/C,,ZBC ,,
1408, Al Diwan Cold Store,,ZD ,,
1485, Al Jabaal Al Hajar C/S,,ZD ,,
1438, Al Mardi National Trading,97100885,ZD ,,
1864, Al Qabayel Kitchen,,ZD ,,
1325, Al Taif Al Wardi,,ZD ,,
1629, Dan Hyper Market (Khoud),,ZD ,,
1663, Dan Hyper Market (Mabela),,ZD ,,
2429, Fanja C/S,98977884,ZD ,,
1611, Green Mart H/M (Lizugh),,ZD ,,
1290, Muscat Shopping Centre (Kanooze),98123607,ZD ,,
1560, New Al Shaik Al Heet Rest.,99669534,ZD ,,
1498, Ramil Al Qunaf Trading,,ZD ,,
1529, Restaurant B.B.Q,96797481,ZD ,,
3092, Ahmed Al Zomor Rest,92159150,ZD3 ,,
1371, New Dubai S/C,,ZD3 ,,
3310, New Dubai S/C,91846576,ZD3 ,,
1036, Barkat Al Fiha Kitchen,,ZD6 ,,
1548, Grain Mill,,ZDC ,,
1130, Green Mart H/M (Samail),,ZDC ,,
1806, Mars Hyper Market (Al Khoud),,ZDC ,,
1472, Mars Hyper Market (Al Khuwair),,ZDC ,,
1627, Mars Hyper Market (Azaiba),,ZDC ,,
1813, Mars Hyper Market (Ghubra),,ZDC ,,
1939, Mars Hyper Market (Seeb),,ZDC ,,
2291, Naseem Rest,,ZDC ,,
1429, Noor Shopping Centre,,ZDC ,,
2174, Zeeshan Kitchen,,ZDQ ,,
1968, Abaq Al Asalah Restaurant,,ZE ,,
1609, Al Amana Shopping Center,98026914,ZE ,,
1533, Al Ashkara Shopping Centre,92536848,ZE ,,
1660, Al Deman Restaurant,,ZE ,,
1410, Al Hiba Shopping Centre (Ibra),99030150,ZE ,,
2331, Al Zeemha Trading,,ZE ,,
1846, Mazak Trading (Al Kamil),,ZE ,,
2456, Qooh Al Jouba,98340788,ZE ,,
1120, Riyadh Al Shamal,99806949,ZE ,,
2684, Al Habsha Yamni Rest,97341173,ZEC ,,
2214, Al Mustafa S/C,,ZEC ,,
2766, Al Tayeen H/M,97001118,ZEC ,,
1004, Azhar Badiya,95090391,ZEC ,,
1608, Marhaba Al Sharqiya S/C,92792538,ZEC ,,
1281, Mars International Ibra,,ZEC ,,
1600, Rawafaf Al Jawfa Shopping Centre,,ZEC ,,
1554, Shams Ata Shopping Centre,,ZEC ,,
1991, Abu Zaid Shopping,,ZH ,,
2599, Al Basma Al Raki   (Sinaw),92023042,ZH ,,
2540, Anhar Al Fayha,99059460,ZH ,,
2375, Jabal Shams S/C #2,,ZH ,,
2772, Mudhbi Adam Rest,92611786,ZH ,,
1905, Nizwa Mini Mall,92226146,ZH ,,
2332, Rising Star S/C,,ZH ,,
2616, Younus Bin Ali,95084483,ZH ,,
2262, Zawyat Jabal Shams S/c,99144091,ZH ,,
2909, Gobrat Nizwa,78277342,ZHC ,,
2198, Star H/M,,ZHC ,,
2247, Friends C/S,,ZHG ,,
1107, Shams Al Barka,,ZK ,,
2560, Sheda Al Mussanah,94443354,ZK ,,
2063, Marasil H/M,,ZK2 ,,
2918, Atbat Al Suwiq Kitchen,91111432,ZK3 ,,
2891, Al Mazyood S/M,96994268,ZK4 ,,
1286, Al Zahiya Food Stuff,99483490,ZKA ,,
1236, Tayebat National H/M,,ZKAC ,,
1873, Al Basma Hyper Market,,ZKC ,,
1978, Al Basmah H/M 2,,ZKC ,,
1116, Al Mardhuf Hyper Market,,ZKC ,,
1002, Al Marouj Shopping Centre,,ZKC ,,
1239, Al Nakhla Shopping Centre,,ZKC ,,
2527, Amjad al Funja,,ZKC ,,
